cohort,algorithm,config_id,target_group,policy,jobs,selected,correct_selected,wrong_selected,correct_deferred,selection_rate,correct_fraction_selected,correct_candidate_retention
primary,BV,BV10-ALT,singleton,inspect_all,10,10,10.0,0.0,0.0,1.0,1.0,1.0
primary,BV,BV10-ALT,singleton,unique_mode,10,10,10.0,0.0,0.0,1.0,1.0,1.0
primary,BV,BV10-ALT,singleton,contrast_0.2,10,10,10.0,0.0,0.0,1.0,1.0,1.0
primary,BV,BV10-ALT,singleton,contrast_0.5,10,10,10.0,0.0,0.0,1.0,1.0,1.0
primary,BV,BV10-ALT,singleton,contrast_0.8,10,10,10.0,0.0,0.0,1.0,1.0,1.0
primary,BV,BV10-ALT,singleton,rank_0.05,10,10,10.0,0.0,0.0,1.0,1.0,1.0
primary,BV,BV10-ALT,singleton,rank_0.01,10,10,10.0,0.0,0.0,1.0,1.0,1.0
primary,BV,BV10-ALT,singleton,contrast_0.2_and_rank_0.05,10,10,10.0,0.0,0.0,1.0,1.0,1.0
primary,BV,BV10-ALT,singleton,gap_0.05,10,10,10.0,0.0,0.0,1.0,1.0,1.0
primary,BV,BV11-ALT,singleton,inspect_all,10,10,10.0,0.0,0.0,1.0,1.0,1.0
primary,BV,BV11-ALT,singleton,unique_mode,10,10,10.0,0.0,0.0,1.0,1.0,1.0
primary,BV,BV11-ALT,singleton,contrast_0.2,10,10,10.0,0.0,0.0,1.0,1.0,1.0
primary,BV,BV11-ALT,singleton,contrast_0.5,10,10,10.0,0.0,0.0,1.0,1.0,1.0
primary,BV,BV11-ALT,singleton,contrast_0.8,10,2,2.0,0.0,8.0,0.2,1.0,0.2
primary,BV,BV11-ALT,singleton,rank_0.05,10,10,10.0,0.0,0.0,1.0,1.0,1.0
primary,BV,BV11-ALT,singleton,rank_0.01,10,10,10.0,0.0,0.0,1.0,1.0,1.0
primary,BV,BV11-ALT,singleton,contrast_0.2_and_rank_0.05,10,10,10.0,0.0,0.0,1.0,1.0,1.0
primary,BV,BV11-ALT,singleton,gap_0.05,10,10,10.0,0.0,0.0,1.0,1.0,1.0
primary,BV,BV12-ALT,singleton,inspect_all,10,10,10.0,0.0,0.0,1.0,1.0,1.0
primary,BV,BV12-ALT,singleton,unique_mode,10,10,10.0,0.0,0.0,1.0,1.0,1.0
primary,BV,BV12-ALT,singleton,contrast_0.2,10,10,10.0,0.0,0.0,1.0,1.0,1.0
primary,BV,BV12-ALT,singleton,contrast_0.5,10,8,8.0,0.0,2.0,0.8,1.0,0.8
primary,BV,BV12-ALT,singleton,contrast_0.8,10,0,0.0,0.0,10.0,0.0,,0.0
primary,BV,BV12-ALT,singleton,rank_0.05,10,10,10.0,0.0,0.0,1.0,1.0,1.0
primary,BV,BV12-ALT,singleton,rank_0.01,10,10,10.0,0.0,0.0,1.0,1.0,1.0
primary,BV,BV12-ALT,singleton,contrast_0.2_and_rank_0.05,10,10,10.0,0.0,0.0,1.0,1.0,1.0
primary,BV,BV12-ALT,singleton,gap_0.05,10,10,10.0,0.0,0.0,1.0,1.0,1.0
primary,BV,BV13-ALT,singleton,inspect_all,10,10,10.0,0.0,0.0,1.0,1.0,1.0
primary,BV,BV13-ALT,singleton,unique_mode,10,10,10.0,0.0,0.0,1.0,1.0,1.0
primary,BV,BV13-ALT,singleton,contrast_0.2,10,10,10.0,0.0,0.0,1.0,1.0,1.0
primary,BV,BV13-ALT,singleton,contrast_0.5,10,9,9.0,0.0,1.0,0.9,1.0,0.9
primary,BV,BV13-ALT,singleton,contrast_0.8,10,1,1.0,0.0,9.0,0.1,1.0,0.1
primary,BV,BV13-ALT,singleton,rank_0.05,10,10,10.0,0.0,0.0,1.0,1.0,1.0
primary,BV,BV13-ALT,singleton,rank_0.01,10,10,10.0,0.0,0.0,1.0,1.0,1.0
primary,BV,BV13-ALT,singleton,contrast_0.2_and_rank_0.05,10,10,10.0,0.0,0.0,1.0,1.0,1.0
primary,BV,BV13-ALT,singleton,gap_0.05,10,10,10.0,0.0,0.0,1.0,1.0,1.0
primary,BV,BV14-ALT,singleton,inspect_all,10,10,10.0,0.0,0.0,1.0,1.0,1.0
primary,BV,BV14-ALT,singleton,unique_mode,10,10,10.0,0.0,0.0,1.0,1.0,1.0
primary,BV,BV14-ALT,singleton,contrast_0.2,10,10,10.0,0.0,0.0,1.0,1.0,1.0
primary,BV,BV14-ALT,singleton,contrast_0.5,10,10,10.0,0.0,0.0,1.0,1.0,1.0
primary,BV,BV14-ALT,singleton,contrast_0.8,10,0,0.0,0.0,10.0,0.0,,0.0
primary,BV,BV14-ALT,singleton,rank_0.05,10,10,10.0,0.0,0.0,1.0,1.0,1.0
primary,BV,BV14-ALT,singleton,rank_0.01,10,10,10.0,0.0,0.0,1.0,1.0,1.0
primary,BV,BV14-ALT,singleton,contrast_0.2_and_rank_0.05,10,10,10.0,0.0,0.0,1.0,1.0,1.0
primary,BV,BV14-ALT,singleton,gap_0.05,10,10,10.0,0.0,0.0,1.0,1.0,1.0
primary,BV,BV2-ALT,singleton,inspect_all,10,10,10.0,0.0,0.0,1.0,1.0,1.0
primary,BV,BV2-ALT,singleton,unique_mode,10,10,10.0,0.0,0.0,1.0,1.0,1.0
primary,BV,BV2-ALT,singleton,contrast_0.2,10,10,10.0,0.0,0.0,1.0,1.0,1.0
primary,BV,BV2-ALT,singleton,contrast_0.5,10,10,10.0,0.0,0.0,1.0,1.0,1.0
primary,BV,BV2-ALT,singleton,contrast_0.8,10,10,10.0,0.0,0.0,1.0,1.0,1.0
primary,BV,BV2-ALT,singleton,rank_0.05,10,10,10.0,0.0,0.0,1.0,1.0,1.0
primary,BV,BV2-ALT,singleton,rank_0.01,10,10,10.0,0.0,0.0,1.0,1.0,1.0
primary,BV,BV2-ALT,singleton,contrast_0.2_and_rank_0.05,10,10,10.0,0.0,0.0,1.0,1.0,1.0
primary,BV,BV2-ALT,singleton,gap_0.05,10,10,10.0,0.0,0.0,1.0,1.0,1.0
primary,BV,BV2-ONES,singleton,inspect_all,2,2,2.0,0.0,0.0,1.0,1.0,1.0
primary,BV,BV2-ONES,singleton,unique_mode,2,2,2.0,0.0,0.0,1.0,1.0,1.0
primary,BV,BV2-ONES,singleton,contrast_0.2,2,2,2.0,0.0,0.0,1.0,1.0,1.0
primary,BV,BV2-ONES,singleton,contrast_0.5,2,2,2.0,0.0,0.0,1.0,1.0,1.0
primary,BV,BV2-ONES,singleton,contrast_0.8,2,2,2.0,0.0,0.0,1.0,1.0,1.0
primary,BV,BV2-ONES,singleton,rank_0.05,2,2,2.0,0.0,0.0,1.0,1.0,1.0
primary,BV,BV2-ONES,singleton,rank_0.01,2,2,2.0,0.0,0.0,1.0,1.0,1.0
primary,BV,BV2-ONES,singleton,contrast_0.2_and_rank_0.05,2,2,2.0,0.0,0.0,1.0,1.0,1.0
primary,BV,BV2-ONES,singleton,gap_0.05,2,2,2.0,0.0,0.0,1.0,1.0,1.0
primary,BV,BV29-ALT,singleton,inspect_all,11,11,11.0,0.0,0.0,1.0,1.0,1.0
primary,BV,BV29-ALT,singleton,unique_mode,11,11,11.0,0.0,0.0,1.0,1.0,1.0
primary,BV,BV29-ALT,singleton,contrast_0.2,11,11,11.0,0.0,0.0,1.0,1.0,1.0
primary,BV,BV29-ALT,singleton,contrast_0.5,11,9,9.0,0.0,2.0,0.8181818181818182,1.0,0.8181818181818182
primary,BV,BV29-ALT,singleton,contrast_0.8,11,0,0.0,0.0,11.0,0.0,,0.0
primary,BV,BV29-ALT,singleton,rank_0.05,11,11,11.0,0.0,0.0,1.0,1.0,1.0
primary,BV,BV29-ALT,singleton,rank_0.01,11,11,11.0,0.0,0.0,1.0,1.0,1.0
primary,BV,BV29-ALT,singleton,contrast_0.2_and_rank_0.05,11,11,11.0,0.0,0.0,1.0,1.0,1.0
primary,BV,BV29-ALT,singleton,gap_0.05,11,10,10.0,0.0,1.0,0.9090909090909091,1.0,0.9090909090909091
primary,BV,BV29-ONES,singleton,inspect_all,1,1,1.0,0.0,0.0,1.0,1.0,1.0
primary,BV,BV29-ONES,singleton,unique_mode,1,1,1.0,0.0,0.0,1.0,1.0,1.0
primary,BV,BV29-ONES,singleton,contrast_0.2,1,0,0.0,0.0,1.0,0.0,,0.0
primary,BV,BV29-ONES,singleton,contrast_0.5,1,0,0.0,0.0,1.0,0.0,,0.0
primary,BV,BV29-ONES,singleton,contrast_0.8,1,0,0.0,0.0,1.0,0.0,,0.0
primary,BV,BV29-ONES,singleton,rank_0.05,1,0,0.0,0.0,1.0,0.0,,0.0
primary,BV,BV29-ONES,singleton,rank_0.01,1,0,0.0,0.0,1.0,0.0,,0.0
primary,BV,BV29-ONES,singleton,contrast_0.2_and_rank_0.05,1,0,0.0,0.0,1.0,0.0,,0.0
primary,BV,BV29-ONES,singleton,gap_0.05,1,0,0.0,0.0,1.0,0.0,,0.0
primary,BV,BV29-SINGLE,singleton,inspect_all,1,1,1.0,0.0,0.0,1.0,1.0,1.0
primary,BV,BV29-SINGLE,singleton,unique_mode,1,1,1.0,0.0,0.0,1.0,1.0,1.0
primary,BV,BV29-SINGLE,singleton,contrast_0.2,1,1,1.0,0.0,0.0,1.0,1.0,1.0
primary,BV,BV29-SINGLE,singleton,contrast_0.5,1,1,1.0,0.0,0.0,1.0,1.0,1.0
primary,BV,BV29-SINGLE,singleton,contrast_0.8,1,1,1.0,0.0,0.0,1.0,1.0,1.0
primary,BV,BV29-SINGLE,singleton,rank_0.05,1,1,1.0,0.0,0.0,1.0,1.0,1.0
primary,BV,BV29-SINGLE,singleton,rank_0.01,1,1,1.0,0.0,0.0,1.0,1.0,1.0
primary,BV,BV29-SINGLE,singleton,contrast_0.2_and_rank_0.05,1,1,1.0,0.0,0.0,1.0,1.0,1.0
primary,BV,BV29-SINGLE,singleton,gap_0.05,1,1,1.0,0.0,0.0,1.0,1.0,1.0
primary,BV,BV3-ALT,singleton,inspect_all,10,10,10.0,0.0,0.0,1.0,1.0,1.0
primary,BV,BV3-ALT,singleton,unique_mode,10,10,10.0,0.0,0.0,1.0,1.0,1.0
primary,BV,BV3-ALT,singleton,contrast_0.2,10,10,10.0,0.0,0.0,1.0,1.0,1.0
primary,BV,BV3-ALT,singleton,contrast_0.5,10,10,10.0,0.0,0.0,1.0,1.0,1.0
primary,BV,BV3-ALT,singleton,contrast_0.8,10,10,10.0,0.0,0.0,1.0,1.0,1.0
primary,BV,BV3-ALT,singleton,rank_0.05,10,10,10.0,0.0,0.0,1.0,1.0,1.0
primary,BV,BV3-ALT,singleton,rank_0.01,10,10,10.0,0.0,0.0,1.0,1.0,1.0
primary,BV,BV3-ALT,singleton,contrast_0.2_and_rank_0.05,10,10,10.0,0.0,0.0,1.0,1.0,1.0
primary,BV,BV3-ALT,singleton,gap_0.05,10,10,10.0,0.0,0.0,1.0,1.0,1.0
primary,BV,BV30-ALT,singleton,inspect_all,10,10,1.0,9.0,0.0,1.0,0.1,1.0
primary,BV,BV30-ALT,singleton,unique_mode,10,10,1.0,9.0,0.0,1.0,0.1,1.0
primary,BV,BV30-ALT,singleton,contrast_0.2,10,8,1.0,7.0,0.0,0.8,0.125,1.0
primary,BV,BV30-ALT,singleton,contrast_0.5,10,0,0.0,0.0,1.0,0.0,,0.0
primary,BV,BV30-ALT,singleton,contrast_0.8,10,0,0.0,0.0,1.0,0.0,,0.0
primary,BV,BV30-ALT,singleton,rank_0.05,10,8,1.0,7.0,0.0,0.8,0.125,1.0
primary,BV,BV30-ALT,singleton,rank_0.01,10,5,1.0,4.0,0.0,0.5,0.2,1.0
primary,BV,BV30-ALT,singleton,contrast_0.2_and_rank_0.05,10,8,1.0,7.0,0.0,0.8,0.125,1.0
primary,BV,BV30-ALT,singleton,gap_0.05,10,0,0.0,0.0,1.0,0.0,,0.0
primary,BV,BV31-ALT,singleton,inspect_all,10,10,1.0,9.0,0.0,1.0,0.1,1.0
primary,BV,BV31-ALT,singleton,unique_mode,10,10,1.0,9.0,0.0,1.0,0.1,1.0
primary,BV,BV31-ALT,singleton,contrast_0.2,10,3,1.0,2.0,0.0,0.3,0.3333333333333333,1.0
primary,BV,BV31-ALT,singleton,contrast_0.5,10,0,0.0,0.0,1.0,0.0,,0.0
primary,BV,BV31-ALT,singleton,contrast_0.8,10,0,0.0,0.0,1.0,0.0,,0.0
primary,BV,BV31-ALT,singleton,rank_0.05,10,3,1.0,2.0,0.0,0.3,0.3333333333333333,1.0
primary,BV,BV31-ALT,singleton,rank_0.01,10,2,1.0,1.0,0.0,0.2,0.5,1.0
primary,BV,BV31-ALT,singleton,contrast_0.2_and_rank_0.05,10,3,1.0,2.0,0.0,0.3,0.3333333333333333,1.0
primary,BV,BV31-ALT,singleton,gap_0.05,10,0,0.0,0.0,1.0,0.0,,0.0
primary,BV,BV4-ALT,singleton,inspect_all,10,10,10.0,0.0,0.0,1.0,1.0,1.0
primary,BV,BV4-ALT,singleton,unique_mode,10,10,10.0,0.0,0.0,1.0,1.0,1.0
primary,BV,BV4-ALT,singleton,contrast_0.2,10,10,10.0,0.0,0.0,1.0,1.0,1.0
primary,BV,BV4-ALT,singleton,contrast_0.5,10,10,10.0,0.0,0.0,1.0,1.0,1.0
primary,BV,BV4-ALT,singleton,contrast_0.8,10,10,10.0,0.0,0.0,1.0,1.0,1.0
primary,BV,BV4-ALT,singleton,rank_0.05,10,10,10.0,0.0,0.0,1.0,1.0,1.0
primary,BV,BV4-ALT,singleton,rank_0.01,10,10,10.0,0.0,0.0,1.0,1.0,1.0
primary,BV,BV4-ALT,singleton,contrast_0.2_and_rank_0.05,10,10,10.0,0.0,0.0,1.0,1.0,1.0
primary,BV,BV4-ALT,singleton,gap_0.05,10,10,10.0,0.0,0.0,1.0,1.0,1.0
primary,BV,BV5-ALT,singleton,inspect_all,10,10,10.0,0.0,0.0,1.0,1.0,1.0
primary,BV,BV5-ALT,singleton,unique_mode,10,10,10.0,0.0,0.0,1.0,1.0,1.0
primary,BV,BV5-ALT,singleton,contrast_0.2,10,10,10.0,0.0,0.0,1.0,1.0,1.0
primary,BV,BV5-ALT,singleton,contrast_0.5,10,10,10.0,0.0,0.0,1.0,1.0,1.0
primary,BV,BV5-ALT,singleton,contrast_0.8,10,10,10.0,0.0,0.0,1.0,1.0,1.0
primary,BV,BV5-ALT,singleton,rank_0.05,10,10,10.0,0.0,0.0,1.0,1.0,1.0
primary,BV,BV5-ALT,singleton,rank_0.01,10,10,10.0,0.0,0.0,1.0,1.0,1.0
primary,BV,BV5-ALT,singleton,contrast_0.2_and_rank_0.05,10,10,10.0,0.0,0.0,1.0,1.0,1.0
primary,BV,BV5-ALT,singleton,gap_0.05,10,10,10.0,0.0,0.0,1.0,1.0,1.0
primary,BV,BV6-ALT,singleton,inspect_all,10,10,10.0,0.0,0.0,1.0,1.0,1.0
primary,BV,BV6-ALT,singleton,unique_mode,10,10,10.0,0.0,0.0,1.0,1.0,1.0
primary,BV,BV6-ALT,singleton,contrast_0.2,10,10,10.0,0.0,0.0,1.0,1.0,1.0
primary,BV,BV6-ALT,singleton,contrast_0.5,10,10,10.0,0.0,0.0,1.0,1.0,1.0
primary,BV,BV6-ALT,singleton,contrast_0.8,10,10,10.0,0.0,0.0,1.0,1.0,1.0
primary,BV,BV6-ALT,singleton,rank_0.05,10,10,10.0,0.0,0.0,1.0,1.0,1.0
primary,BV,BV6-ALT,singleton,rank_0.01,10,10,10.0,0.0,0.0,1.0,1.0,1.0
primary,BV,BV6-ALT,singleton,contrast_0.2_and_rank_0.05,10,10,10.0,0.0,0.0,1.0,1.0,1.0
primary,BV,BV6-ALT,singleton,gap_0.05,10,10,10.0,0.0,0.0,1.0,1.0,1.0
primary,BV,BV7-ALT,singleton,inspect_all,10,10,10.0,0.0,0.0,1.0,1.0,1.0
primary,BV,BV7-ALT,singleton,unique_mode,10,10,10.0,0.0,0.0,1.0,1.0,1.0
primary,BV,BV7-ALT,singleton,contrast_0.2,10,10,10.0,0.0,0.0,1.0,1.0,1.0
primary,BV,BV7-ALT,singleton,contrast_0.5,10,10,10.0,0.0,0.0,1.0,1.0,1.0
primary,BV,BV7-ALT,singleton,contrast_0.8,10,6,6.0,0.0,4.0,0.6,1.0,0.6
primary,BV,BV7-ALT,singleton,rank_0.05,10,10,10.0,0.0,0.0,1.0,1.0,1.0
primary,BV,BV7-ALT,singleton,rank_0.01,10,10,10.0,0.0,0.0,1.0,1.0,1.0
primary,BV,BV7-ALT,singleton,contrast_0.2_and_rank_0.05,10,10,10.0,0.0,0.0,1.0,1.0,1.0
primary,BV,BV7-ALT,singleton,gap_0.05,10,10,10.0,0.0,0.0,1.0,1.0,1.0
primary,BV,BV8-ALT,singleton,inspect_all,10,10,10.0,0.0,0.0,1.0,1.0,1.0
primary,BV,BV8-ALT,singleton,unique_mode,10,10,10.0,0.0,0.0,1.0,1.0,1.0
primary,BV,BV8-ALT,singleton,contrast_0.2,10,10,10.0,0.0,0.0,1.0,1.0,1.0
primary,BV,BV8-ALT,singleton,contrast_0.5,10,10,10.0,0.0,0.0,1.0,1.0,1.0
primary,BV,BV8-ALT,singleton,contrast_0.8,10,9,9.0,0.0,1.0,0.9,1.0,0.9
primary,BV,BV8-ALT,singleton,rank_0.05,10,10,10.0,0.0,0.0,1.0,1.0,1.0
primary,BV,BV8-ALT,singleton,rank_0.01,10,10,10.0,0.0,0.0,1.0,1.0,1.0
primary,BV,BV8-ALT,singleton,contrast_0.2_and_rank_0.05,10,10,10.0,0.0,0.0,1.0,1.0,1.0
primary,BV,BV8-ALT,singleton,gap_0.05,10,10,10.0,0.0,0.0,1.0,1.0,1.0
primary,BV,BV9-ALT,singleton,inspect_all,10,10,10.0,0.0,0.0,1.0,1.0,1.0
primary,BV,BV9-ALT,singleton,unique_mode,10,10,10.0,0.0,0.0,1.0,1.0,1.0
primary,BV,BV9-ALT,singleton,contrast_0.2,10,10,10.0,0.0,0.0,1.0,1.0,1.0
primary,BV,BV9-ALT,singleton,contrast_0.5,10,10,10.0,0.0,0.0,1.0,1.0,1.0
primary,BV,BV9-ALT,singleton,contrast_0.8,10,2,2.0,0.0,8.0,0.2,1.0,0.2
primary,BV,BV9-ALT,singleton,rank_0.05,10,10,10.0,0.0,0.0,1.0,1.0,1.0
primary,BV,BV9-ALT,singleton,rank_0.01,10,10,10.0,0.0,0.0,1.0,1.0,1.0
primary,BV,BV9-ALT,singleton,contrast_0.2_and_rank_0.05,10,10,10.0,0.0,0.0,1.0,1.0,1.0
primary,BV,BV9-ALT,singleton,gap_0.05,10,10,10.0,0.0,0.0,1.0,1.0,1.0
primary,BV-SIGNAL-BACKGROUND,BVSB27,multiple,inspect_all,10,10,4.0,6.0,0.0,1.0,0.4,1.0
primary,BV-SIGNAL-BACKGROUND,BVSB27,multiple,unique_mode,10,10,4.0,6.0,0.0,1.0,0.4,1.0
primary,BV-SIGNAL-BACKGROUND,BVSB27,multiple,contrast_0.2,10,1,1.0,0.0,3.0,0.1,1.0,0.25
primary,BV-SIGNAL-BACKGROUND,BVSB27,multiple,contrast_0.5,10,1,1.0,0.0,3.0,0.1,1.0,0.25
primary,BV-SIGNAL-BACKGROUND,BVSB27,multiple,contrast_0.8,10,0,0.0,0.0,4.0,0.0,,0.0
primary,BV-SIGNAL-BACKGROUND,BVSB27,multiple,rank_0.05,10,1,1.0,0.0,3.0,0.1,1.0,0.25
primary,BV-SIGNAL-BACKGROUND,BVSB27,multiple,rank_0.01,10,0,0.0,0.0,4.0,0.0,,0.0
primary,BV-SIGNAL-BACKGROUND,BVSB27,multiple,contrast_0.2_and_rank_0.05,10,1,1.0,0.0,3.0,0.1,1.0,0.25
primary,BV-SIGNAL-BACKGROUND,BVSB27,multiple,gap_0.05,10,0,0.0,0.0,4.0,0.0,,0.0
primary,BV-SIGNAL-BACKGROUND,BVSB28,multiple,inspect_all,10,10,0.25,9.75,0.0,1.0,0.025,1.0
primary,BV-SIGNAL-BACKGROUND,BVSB28,multiple,unique_mode,10,4,0.0,4.0,0.25,0.4,0.0,0.0
primary,BV-SIGNAL-BACKGROUND,BVSB28,multiple,contrast_0.2,10,1,0.0,1.0,0.25,0.1,0.0,0.0
primary,BV-SIGNAL-BACKGROUND,BVSB28,multiple,contrast_0.5,10,0,0.0,0.0,0.25,0.0,,0.0
primary,BV-SIGNAL-BACKGROUND,BVSB28,multiple,contrast_0.8,10,0,0.0,0.0,0.25,0.0,,0.0
primary,BV-SIGNAL-BACKGROUND,BVSB28,multiple,rank_0.05,10,0,0.0,0.0,0.25,0.0,,0.0
primary,BV-SIGNAL-BACKGROUND,BVSB28,multiple,rank_0.01,10,0,0.0,0.0,0.25,0.0,,0.0
primary,BV-SIGNAL-BACKGROUND,BVSB28,multiple,contrast_0.2_and_rank_0.05,10,0,0.0,0.0,0.25,0.0,,0.0
primary,BV-SIGNAL-BACKGROUND,BVSB28,multiple,gap_0.05,10,0,0.0,0.0,0.25,0.0,,0.0
primary,BV-SIGNAL-BACKGROUND,BVSB29,multiple,inspect_all,10,10,0.0,10.0,0.0,1.0,0.0,
primary,BV-SIGNAL-BACKGROUND,BVSB29,multiple,unique_mode,10,7,0.0,7.0,0.0,0.7,0.0,
primary,BV-SIGNAL-BACKGROUND,BVSB29,multiple,contrast_0.2,10,6,0.0,6.0,0.0,0.6,0.0,
primary,BV-SIGNAL-BACKGROUND,BVSB29,multiple,contrast_0.5,10,0,0.0,0.0,0.0,0.0,,
primary,BV-SIGNAL-BACKGROUND,BVSB29,multiple,contrast_0.8,10,0,0.0,0.0,0.0,0.0,,
primary,BV-SIGNAL-BACKGROUND,BVSB29,multiple,rank_0.05,10,0,0.0,0.0,0.0,0.0,,
primary,BV-SIGNAL-BACKGROUND,BVSB29,multiple,rank_0.01,10,0,0.0,0.0,0.0,0.0,,
primary,BV-SIGNAL-BACKGROUND,BVSB29,multiple,contrast_0.2_and_rank_0.05,10,0,0.0,0.0,0.0,0.0,,
primary,BV-SIGNAL-BACKGROUND,BVSB29,multiple,gap_0.05,10,0,0.0,0.0,0.0,0.0,,
primary,GROVER,ASYM-1,multiple,inspect_all,16,16,10.0,6.0,0.0,1.0,0.625,1.0
primary,GROVER,ASYM-1,multiple,unique_mode,16,16,10.0,6.0,0.0,1.0,0.625,1.0
primary,GROVER,ASYM-1,multiple,contrast_0.2,16,2,1.0,1.0,9.0,0.125,0.5,0.1
primary,GROVER,ASYM-1,multiple,contrast_0.5,16,0,0.0,0.0,10.0,0.0,,0.0
primary,GROVER,ASYM-1,multiple,contrast_0.8,16,0,0.0,0.0,10.0,0.0,,0.0
primary,GROVER,ASYM-1,multiple,rank_0.05,16,9,5.0,4.0,5.0,0.5625,0.5555555555555556,0.5
primary,GROVER,ASYM-1,multiple,rank_0.01,16,6,3.0,3.0,7.0,0.375,0.5,0.3
primary,GROVER,ASYM-1,multiple,contrast_0.2_and_rank_0.05,16,2,1.0,1.0,9.0,0.125,0.5,0.1
primary,GROVER,ASYM-1,multiple,gap_0.05,16,10,7.0,3.0,3.0,0.625,0.7,0.7
primary,GROVER,ASYM-2,multiple,inspect_all,15,15,13.0,2.0,0.0,1.0,0.8666666666666667,1.0
primary,GROVER,ASYM-2,multiple,unique_mode,15,15,13.0,2.0,0.0,1.0,0.8666666666666667,1.0
primary,GROVER,ASYM-2,multiple,contrast_0.2,15,3,3.0,0.0,10.0,0.2,1.0,0.23076923076923078
primary,GROVER,ASYM-2,multiple,contrast_0.5,15,0,0.0,0.0,13.0,0.0,,0.0
primary,GROVER,ASYM-2,multiple,contrast_0.8,15,0,0.0,0.0,13.0,0.0,,0.0
primary,GROVER,ASYM-2,multiple,rank_0.05,15,8,8.0,0.0,5.0,0.5333333333333333,1.0,0.6153846153846154
primary,GROVER,ASYM-2,multiple,rank_0.01,15,5,5.0,0.0,8.0,0.3333333333333333,1.0,0.38461538461538464
primary,GROVER,ASYM-2,multiple,contrast_0.2_and_rank_0.05,15,3,3.0,0.0,10.0,0.2,1.0,0.23076923076923078
primary,GROVER,ASYM-2,multiple,gap_0.05,15,7,7.0,0.0,6.0,0.4666666666666667,1.0,0.5384615384615384
primary,GROVER,H3-0,singleton,inspect_all,5,5,2.0,3.0,0.0,1.0,0.4,1.0
primary,GROVER,H3-0,singleton,unique_mode,5,5,2.0,3.0,0.0,1.0,0.4,1.0
primary,GROVER,H3-0,singleton,contrast_0.2,5,3,2.0,1.0,0.0,0.6,0.6666666666666666,1.0
primary,GROVER,H3-0,singleton,contrast_0.5,5,2,2.0,0.0,0.0,0.4,1.0,1.0
primary,GROVER,H3-0,singleton,contrast_0.8,5,2,2.0,0.0,0.0,0.4,1.0,1.0
primary,GROVER,H3-0,singleton,rank_0.05,5,4,2.0,2.0,0.0,0.8,0.5,1.0
primary,GROVER,H3-0,singleton,rank_0.01,5,3,2.0,1.0,0.0,0.6,0.6666666666666666,1.0
primary,GROVER,H3-0,singleton,contrast_0.2_and_rank_0.05,5,3,2.0,1.0,0.0,0.6,0.6666666666666666,1.0
primary,GROVER,H3-0,singleton,gap_0.05,5,3,2.0,1.0,0.0,0.6,0.6666666666666666,1.0
primary,GROVER,H3-1,singleton,inspect_all,2,2,2.0,0.0,0.0,1.0,1.0,1.0
primary,GROVER,H3-1,singleton,unique_mode,2,2,2.0,0.0,0.0,1.0,1.0,1.0
primary,GROVER,H3-1,singleton,contrast_0.2,2,2,2.0,0.0,0.0,1.0,1.0,1.0
primary,GROVER,H3-1,singleton,contrast_0.5,2,2,2.0,0.0,0.0,1.0,1.0,1.0
primary,GROVER,H3-1,singleton,contrast_0.8,2,2,2.0,0.0,0.0,1.0,1.0,1.0
primary,GROVER,H3-1,singleton,rank_0.05,2,2,2.0,0.0,0.0,1.0,1.0,1.0
primary,GROVER,H3-1,singleton,rank_0.01,2,2,2.0,0.0,0.0,1.0,1.0,1.0
primary,GROVER,H3-1,singleton,contrast_0.2_and_rank_0.05,2,2,2.0,0.0,0.0,1.0,1.0,1.0
primary,GROVER,H3-1,singleton,gap_0.05,2,2,2.0,0.0,0.0,1.0,1.0,1.0
primary,GROVER,H3-2,singleton,inspect_all,13,13,9.0,4.0,0.0,1.0,0.6923076923076923,1.0
primary,GROVER,H3-2,singleton,unique_mode,13,13,9.0,4.0,0.0,1.0,0.6923076923076923,1.0
primary,GROVER,H3-2,singleton,contrast_0.2,13,9,9.0,0.0,0.0,0.6923076923076923,1.0,1.0
primary,GROVER,H3-2,singleton,contrast_0.5,13,8,8.0,0.0,1.0,0.6153846153846154,1.0,0.8888888888888888
primary,GROVER,H3-2,singleton,contrast_0.8,13,7,7.0,0.0,2.0,0.5384615384615384,1.0,0.7777777777777778
primary,GROVER,H3-2,singleton,rank_0.05,13,11,9.0,2.0,0.0,0.8461538461538461,0.8181818181818182,1.0
primary,GROVER,H3-2,singleton,rank_0.01,13,10,9.0,1.0,0.0,0.7692307692307693,0.9,1.0
primary,GROVER,H3-2,singleton,contrast_0.2_and_rank_0.05,13,9,9.0,0.0,0.0,0.6923076923076923,1.0,1.0
primary,GROVER,H3-2,singleton,gap_0.05,13,11,9.0,2.0,0.0,0.8461538461538461,0.8181818181818182,1.0
primary,GROVER,H3-3,singleton,inspect_all,14,14,11.0,3.0,0.0,1.0,0.7857142857142857,1.0
primary,GROVER,H3-3,singleton,unique_mode,14,14,11.0,3.0,0.0,1.0,0.7857142857142857,1.0
primary,GROVER,H3-3,singleton,contrast_0.2,14,9,9.0,0.0,2.0,0.6428571428571429,1.0,0.8181818181818182
primary,GROVER,H3-3,singleton,contrast_0.5,14,9,9.0,0.0,2.0,0.6428571428571429,1.0,0.8181818181818182
primary,GROVER,H3-3,singleton,contrast_0.8,14,8,8.0,0.0,3.0,0.5714285714285714,1.0,0.7272727272727273
primary,GROVER,H3-3,singleton,rank_0.05,14,11,10.0,1.0,1.0,0.7857142857142857,0.9090909090909091,0.9090909090909091
primary,GROVER,H3-3,singleton,rank_0.01,14,10,10.0,0.0,1.0,0.7142857142857143,1.0,0.9090909090909091
primary,GROVER,H3-3,singleton,contrast_0.2_and_rank_0.05,14,9,9.0,0.0,2.0,0.6428571428571429,1.0,0.8181818181818182
primary,GROVER,H3-3,singleton,gap_0.05,14,10,10.0,0.0,1.0,0.7142857142857143,1.0,0.9090909090909091
primary,GROVER,H4-0,singleton,inspect_all,3,3,2.0,1.0,0.0,1.0,0.6666666666666666,1.0
primary,GROVER,H4-0,singleton,unique_mode,3,3,2.0,1.0,0.0,1.0,0.6666666666666666,1.0
primary,GROVER,H4-0,singleton,contrast_0.2,3,1,1.0,0.0,1.0,0.3333333333333333,1.0,0.5
primary,GROVER,H4-0,singleton,contrast_0.5,3,1,1.0,0.0,1.0,0.3333333333333333,1.0,0.5
primary,GROVER,H4-0,singleton,contrast_0.8,3,0,0.0,0.0,2.0,0.0,,0.0
primary,GROVER,H4-0,singleton,rank_0.05,3,2,2.0,0.0,0.0,0.6666666666666666,1.0,1.0
primary,GROVER,H4-0,singleton,rank_0.01,3,2,2.0,0.0,0.0,0.6666666666666666,1.0,1.0
primary,GROVER,H4-0,singleton,contrast_0.2_and_rank_0.05,3,1,1.0,0.0,1.0,0.3333333333333333,1.0,0.5
primary,GROVER,H4-0,singleton,gap_0.05,3,1,1.0,0.0,1.0,0.3333333333333333,1.0,0.5
primary,GROVER,H4-4,singleton,inspect_all,9,9,9.0,0.0,0.0,1.0,1.0,1.0
primary,GROVER,H4-4,singleton,unique_mode,9,9,9.0,0.0,0.0,1.0,1.0,1.0
primary,GROVER,H4-4,singleton,contrast_0.2,9,8,8.0,0.0,1.0,0.8888888888888888,1.0,0.8888888888888888
primary,GROVER,H4-4,singleton,contrast_0.5,9,6,6.0,0.0,3.0,0.6666666666666666,1.0,0.6666666666666666
primary,GROVER,H4-4,singleton,contrast_0.8,9,0,0.0,0.0,9.0,0.0,,0.0
primary,GROVER,H4-4,singleton,rank_0.05,9,8,8.0,0.0,1.0,0.8888888888888888,1.0,0.8888888888888888
primary,GROVER,H4-4,singleton,rank_0.01,9,8,8.0,0.0,1.0,0.8888888888888888,1.0,0.8888888888888888
primary,GROVER,H4-4,singleton,contrast_0.2_and_rank_0.05,9,8,8.0,0.0,1.0,0.8888888888888888,1.0,0.8888888888888888
primary,GROVER,H4-4,singleton,gap_0.05,9,7,7.0,0.0,2.0,0.7777777777777778,1.0,0.7777777777777778
primary,GROVER,M3-1,singleton,inspect_all,14,14,9.0,5.0,0.0,1.0,0.6428571428571429,1.0
primary,GROVER,M3-1,singleton,unique_mode,14,14,9.0,5.0,0.0,1.0,0.6428571428571429,1.0
primary,GROVER,M3-1,singleton,contrast_0.2,14,12,9.0,3.0,0.0,0.8571428571428571,0.75,1.0
primary,GROVER,M3-1,singleton,contrast_0.5,14,8,8.0,0.0,1.0,0.5714285714285714,1.0,0.8888888888888888
primary,GROVER,M3-1,singleton,contrast_0.8,14,8,8.0,0.0,1.0,0.5714285714285714,1.0,0.8888888888888888
primary,GROVER,M3-1,singleton,rank_0.05,14,12,9.0,3.0,0.0,0.8571428571428571,0.75,1.0
primary,GROVER,M3-1,singleton,rank_0.01,14,12,9.0,3.0,0.0,0.8571428571428571,0.75,1.0
primary,GROVER,M3-1,singleton,contrast_0.2_and_rank_0.05,14,12,9.0,3.0,0.0,0.8571428571428571,0.75,1.0
primary,GROVER,M3-1,singleton,gap_0.05,14,12,9.0,3.0,0.0,0.8571428571428571,0.75,1.0
primary,GROVER,M3-2,multiple,inspect_all,15,15,9.0,6.0,0.0,1.0,0.6,1.0
primary,GROVER,M3-2,multiple,unique_mode,15,15,9.0,6.0,0.0,1.0,0.6,1.0
primary,GROVER,M3-2,multiple,contrast_0.2,15,1,0.0,1.0,9.0,0.06666666666666667,0.0,0.0
primary,GROVER,M3-2,multiple,contrast_0.5,15,0,0.0,0.0,9.0,0.0,,0.0
primary,GROVER,M3-2,multiple,contrast_0.8,15,0,0.0,0.0,9.0,0.0,,0.0
primary,GROVER,M3-2,multiple,rank_0.05,15,4,1.0,3.0,8.0,0.26666666666666666,0.25,0.1111111111111111
primary,GROVER,M3-2,multiple,rank_0.01,15,3,1.0,2.0,8.0,0.2,0.3333333333333333,0.1111111111111111
primary,GROVER,M3-2,multiple,contrast_0.2_and_rank_0.05,15,1,0.0,1.0,9.0,0.06666666666666667,0.0,0.0
primary,GROVER,M3-2,multiple,gap_0.05,15,4,2.0,2.0,7.0,0.26666666666666666,0.5,0.2222222222222222
primary,GROVER,M4-2,multiple,inspect_all,9,9,8.0,1.0,0.0,1.0,0.8888888888888888,1.0
primary,GROVER,M4-2,multiple,unique_mode,9,9,8.0,1.0,0.0,1.0,0.8888888888888888,1.0
primary,GROVER,M4-2,multiple,contrast_0.2,9,2,2.0,0.0,6.0,0.2222222222222222,1.0,0.25
primary,GROVER,M4-2,multiple,contrast_0.5,9,0,0.0,0.0,8.0,0.0,,0.0
primary,GROVER,M4-2,multiple,contrast_0.8,9,0,0.0,0.0,8.0,0.0,,0.0
primary,GROVER,M4-2,multiple,rank_0.05,9,4,4.0,0.0,4.0,0.4444444444444444,1.0,0.5
primary,GROVER,M4-2,multiple,rank_0.01,9,3,3.0,0.0,5.0,0.3333333333333333,1.0,0.375
primary,GROVER,M4-2,multiple,contrast_0.2_and_rank_0.05,9,2,2.0,0.0,6.0,0.2222222222222222,1.0,0.25
primary,GROVER,M4-2,multiple,gap_0.05,9,4,4.0,0.0,4.0,0.4444444444444444,1.0,0.5
primary,GROVER,M4-4,multiple,inspect_all,9,9,8.0,1.0,0.0,1.0,0.8888888888888888,1.0
primary,GROVER,M4-4,multiple,unique_mode,9,9,8.0,1.0,0.0,1.0,0.8888888888888888,1.0
primary,GROVER,M4-4,multiple,contrast_0.2,9,0,0.0,0.0,8.0,0.0,,0.0
primary,GROVER,M4-4,multiple,contrast_0.5,9,0,0.0,0.0,8.0,0.0,,0.0
primary,GROVER,M4-4,multiple,contrast_0.8,9,0,0.0,0.0,8.0,0.0,,0.0
primary,GROVER,M4-4,multiple,rank_0.05,9,2,1.0,1.0,7.0,0.2222222222222222,0.5,0.125
primary,GROVER,M4-4,multiple,rank_0.01,9,1,0.0,1.0,8.0,0.1111111111111111,0.0,0.0
primary,GROVER,M4-4,multiple,contrast_0.2_and_rank_0.05,9,0,0.0,0.0,8.0,0.0,,0.0
primary,GROVER,M4-4,multiple,gap_0.05,9,1,0.0,1.0,8.0,0.1111111111111111,0.0,0.0
primary,GROVER,S2-00,singleton,inspect_all,9,9,9.0,0.0,0.0,1.0,1.0,1.0
primary,GROVER,S2-00,singleton,unique_mode,9,9,9.0,0.0,0.0,1.0,1.0,1.0
primary,GROVER,S2-00,singleton,contrast_0.2,9,9,9.0,0.0,0.0,1.0,1.0,1.0
primary,GROVER,S2-00,singleton,contrast_0.5,9,9,9.0,0.0,0.0,1.0,1.0,1.0
primary,GROVER,S2-00,singleton,contrast_0.8,9,9,9.0,0.0,0.0,1.0,1.0,1.0
primary,GROVER,S2-00,singleton,rank_0.05,9,9,9.0,0.0,0.0,1.0,1.0,1.0
primary,GROVER,S2-00,singleton,rank_0.01,9,9,9.0,0.0,0.0,1.0,1.0,1.0
primary,GROVER,S2-00,singleton,contrast_0.2_and_rank_0.05,9,9,9.0,0.0,0.0,1.0,1.0,1.0
primary,GROVER,S2-00,singleton,gap_0.05,9,9,9.0,0.0,0.0,1.0,1.0,1.0
primary,GROVER,S2-1,singleton,inspect_all,16,16,16.0,0.0,0.0,1.0,1.0,1.0
primary,GROVER,S2-1,singleton,unique_mode,16,16,16.0,0.0,0.0,1.0,1.0,1.0
primary,GROVER,S2-1,singleton,contrast_0.2,16,16,16.0,0.0,0.0,1.0,1.0,1.0
primary,GROVER,S2-1,singleton,contrast_0.5,16,16,16.0,0.0,0.0,1.0,1.0,1.0
primary,GROVER,S2-1,singleton,contrast_0.8,16,16,16.0,0.0,0.0,1.0,1.0,1.0
primary,GROVER,S2-1,singleton,rank_0.05,16,16,16.0,0.0,0.0,1.0,1.0,1.0
primary,GROVER,S2-1,singleton,rank_0.01,16,16,16.0,0.0,0.0,1.0,1.0,1.0
primary,GROVER,S2-1,singleton,contrast_0.2_and_rank_0.05,16,16,16.0,0.0,0.0,1.0,1.0,1.0
primary,GROVER,S2-1,singleton,gap_0.05,16,16,16.0,0.0,0.0,1.0,1.0,1.0
primary,GROVER,S2-10,singleton,inspect_all,9,9,9.0,0.0,0.0,1.0,1.0,1.0
primary,GROVER,S2-10,singleton,unique_mode,9,9,9.0,0.0,0.0,1.0,1.0,1.0
primary,GROVER,S2-10,singleton,contrast_0.2,9,9,9.0,0.0,0.0,1.0,1.0,1.0
primary,GROVER,S2-10,singleton,contrast_0.5,9,9,9.0,0.0,0.0,1.0,1.0,1.0
primary,GROVER,S2-10,singleton,contrast_0.8,9,9,9.0,0.0,0.0,1.0,1.0,1.0
primary,GROVER,S2-10,singleton,rank_0.05,9,9,9.0,0.0,0.0,1.0,1.0,1.0
primary,GROVER,S2-10,singleton,rank_0.01,9,9,9.0,0.0,0.0,1.0,1.0,1.0
primary,GROVER,S2-10,singleton,contrast_0.2_and_rank_0.05,9,9,9.0,0.0,0.0,1.0,1.0,1.0
primary,GROVER,S2-10,singleton,gap_0.05,9,9,9.0,0.0,0.0,1.0,1.0,1.0
primary,GROVER,S2-11,singleton,inspect_all,9,9,9.0,0.0,0.0,1.0,1.0,1.0
primary,GROVER,S2-11,singleton,unique_mode,9,9,9.0,0.0,0.0,1.0,1.0,1.0
primary,GROVER,S2-11,singleton,contrast_0.2,9,9,9.0,0.0,0.0,1.0,1.0,1.0
primary,GROVER,S2-11,singleton,contrast_0.5,9,9,9.0,0.0,0.0,1.0,1.0,1.0
primary,GROVER,S2-11,singleton,contrast_0.8,9,9,9.0,0.0,0.0,1.0,1.0,1.0
primary,GROVER,S2-11,singleton,rank_0.05,9,9,9.0,0.0,0.0,1.0,1.0,1.0
primary,GROVER,S2-11,singleton,rank_0.01,9,9,9.0,0.0,0.0,1.0,1.0,1.0
primary,GROVER,S2-11,singleton,contrast_0.2_and_rank_0.05,9,9,9.0,0.0,0.0,1.0,1.0,1.0
primary,GROVER,S2-11,singleton,gap_0.05,9,9,9.0,0.0,0.0,1.0,1.0,1.0
primary,GROVER,S3-1,singleton,inspect_all,15,15,12.0,3.0,0.0,1.0,0.8,1.0
primary,GROVER,S3-1,singleton,unique_mode,15,15,12.0,3.0,0.0,1.0,0.8,1.0
primary,GROVER,S3-1,singleton,contrast_0.2,15,10,10.0,0.0,2.0,0.6666666666666666,1.0,0.8333333333333334
primary,GROVER,S3-1,singleton,contrast_0.5,15,10,10.0,0.0,2.0,0.6666666666666666,1.0,0.8333333333333334
primary,GROVER,S3-1,singleton,contrast_0.8,15,8,8.0,0.0,4.0,0.5333333333333333,1.0,0.6666666666666666
primary,GROVER,S3-1,singleton,rank_0.05,15,14,11.0,3.0,1.0,0.9333333333333333,0.7857142857142857,0.9166666666666666
primary,GROVER,S3-1,singleton,rank_0.01,15,13,11.0,2.0,1.0,0.8666666666666667,0.8461538461538461,0.9166666666666666
primary,GROVER,S3-1,singleton,contrast_0.2_and_rank_0.05,15,10,10.0,0.0,2.0,0.6666666666666666,1.0,0.8333333333333334
primary,GROVER,S3-1,singleton,gap_0.05,15,13,11.0,2.0,1.0,0.8666666666666667,0.8461538461538461,0.9166666666666666
primary,GROVER,S4-1,singleton,inspect_all,9,9,8.0,1.0,0.0,1.0,0.8888888888888888,1.0
primary,GROVER,S4-1,singleton,unique_mode,9,9,8.0,1.0,0.0,1.0,0.8888888888888888,1.0
primary,GROVER,S4-1,singleton,contrast_0.2,9,8,8.0,0.0,0.0,0.8888888888888888,1.0,1.0
primary,GROVER,S4-1,singleton,contrast_0.5,9,8,8.0,0.0,0.0,0.8888888888888888,1.0,1.0
primary,GROVER,S4-1,singleton,contrast_0.8,9,2,2.0,0.0,6.0,0.2222222222222222,1.0,0.25
primary,GROVER,S4-1,singleton,rank_0.05,9,8,8.0,0.0,0.0,0.8888888888888888,1.0,1.0
primary,GROVER,S4-1,singleton,rank_0.01,9,8,8.0,0.0,0.0,0.8888888888888888,1.0,1.0
primary,GROVER,S4-1,singleton,contrast_0.2_and_rank_0.05,9,8,8.0,0.0,0.0,0.8888888888888888,1.0,1.0
primary,GROVER,S4-1,singleton,gap_0.05,9,8,8.0,0.0,0.0,0.8888888888888888,1.0,1.0
primary,GROVER,S5-1,singleton,inspect_all,10,10,8.0,2.0,0.0,1.0,0.8,1.0
primary,GROVER,S5-1,singleton,unique_mode,10,10,8.0,2.0,0.0,1.0,0.8,1.0
primary,GROVER,S5-1,singleton,contrast_0.2,10,4,4.0,0.0,4.0,0.4,1.0,0.5
primary,GROVER,S5-1,singleton,contrast_0.5,10,1,1.0,0.0,7.0,0.1,1.0,0.125
primary,GROVER,S5-1,singleton,contrast_0.8,10,0,0.0,0.0,8.0,0.0,,0.0
primary,GROVER,S5-1,singleton,rank_0.05,10,4,4.0,0.0,4.0,0.4,1.0,0.5
primary,GROVER,S5-1,singleton,rank_0.01,10,3,3.0,0.0,5.0,0.3,1.0,0.375
primary,GROVER,S5-1,singleton,contrast_0.2_and_rank_0.05,10,4,4.0,0.0,4.0,0.4,1.0,0.5
primary,GROVER,S5-1,singleton,gap_0.05,10,2,2.0,0.0,6.0,0.2,1.0,0.25
primary,GROVER,S6-1,singleton,inspect_all,6,6,0.0,6.0,0.0,1.0,0.0,
primary,GROVER,S6-1,singleton,unique_mode,6,6,0.0,6.0,0.0,1.0,0.0,
primary,GROVER,S6-1,singleton,contrast_0.2,6,0,0.0,0.0,0.0,0.0,,
primary,GROVER,S6-1,singleton,contrast_0.5,6,0,0.0,0.0,0.0,0.0,,
primary,GROVER,S6-1,singleton,contrast_0.8,6,0,0.0,0.0,0.0,0.0,,
primary,GROVER,S6-1,singleton,rank_0.05,6,0,0.0,0.0,0.0,0.0,,
primary,GROVER,S6-1,singleton,rank_0.01,6,0,0.0,0.0,0.0,0.0,,
primary,GROVER,S6-1,singleton,contrast_0.2_and_rank_0.05,6,0,0.0,0.0,0.0,0.0,,
primary,GROVER,S6-1,singleton,gap_0.05,6,0,0.0,0.0,0.0,0.0,,
primary,GROVER,S7-1,singleton,inspect_all,8,8,0.0,8.0,0.0,1.0,0.0,
primary,GROVER,S7-1,singleton,unique_mode,8,6,0.0,6.0,0.0,0.75,0.0,
primary,GROVER,S7-1,singleton,contrast_0.2,8,0,0.0,0.0,0.0,0.0,,
primary,GROVER,S7-1,singleton,contrast_0.5,8,0,0.0,0.0,0.0,0.0,,
primary,GROVER,S7-1,singleton,contrast_0.8,8,0,0.0,0.0,0.0,0.0,,
primary,GROVER,S7-1,singleton,rank_0.05,8,0,0.0,0.0,0.0,0.0,,
primary,GROVER,S7-1,singleton,rank_0.01,8,0,0.0,0.0,0.0,0.0,,
primary,GROVER,S7-1,singleton,contrast_0.2_and_rank_0.05,8,0,0.0,0.0,0.0,0.0,,
primary,GROVER,S7-1,singleton,gap_0.05,8,0,0.0,0.0,0.0,0.0,,
primary,GROVER,S8-1,singleton,inspect_all,8,8,0.0,8.0,0.0,1.0,0.0,
primary,GROVER,S8-1,singleton,unique_mode,8,8,0.0,8.0,0.0,1.0,0.0,
primary,GROVER,S8-1,singleton,contrast_0.2,8,0,0.0,0.0,0.0,0.0,,
primary,GROVER,S8-1,singleton,contrast_0.5,8,0,0.0,0.0,0.0,0.0,,
primary,GROVER,S8-1,singleton,contrast_0.8,8,0,0.0,0.0,0.0,0.0,,
primary,GROVER,S8-1,singleton,rank_0.05,8,0,0.0,0.0,0.0,0.0,,
primary,GROVER,S8-1,singleton,rank_0.01,8,0,0.0,0.0,0.0,0.0,,
primary,GROVER,S8-1,singleton,contrast_0.2_and_rank_0.05,8,0,0.0,0.0,0.0,0.0,,
primary,GROVER,S8-1,singleton,gap_0.05,8,0,0.0,0.0,0.0,0.0,,
primary,GROVER,SYM-1,multiple,inspect_all,14,14,9.0,5.0,0.0,1.0,0.6428571428571429,1.0
primary,GROVER,SYM-1,multiple,unique_mode,14,14,9.0,5.0,0.0,1.0,0.6428571428571429,1.0
primary,GROVER,SYM-1,multiple,contrast_0.2,14,0,0.0,0.0,9.0,0.0,,0.0
primary,GROVER,SYM-1,multiple,contrast_0.5,14,0,0.0,0.0,9.0,0.0,,0.0
primary,GROVER,SYM-1,multiple,contrast_0.8,14,0,0.0,0.0,9.0,0.0,,0.0
primary,GROVER,SYM-1,multiple,rank_0.05,14,5,4.0,1.0,5.0,0.35714285714285715,0.8,0.4444444444444444
primary,GROVER,SYM-1,multiple,rank_0.01,14,4,4.0,0.0,5.0,0.2857142857142857,1.0,0.4444444444444444
primary,GROVER,SYM-1,multiple,contrast_0.2_and_rank_0.05,14,0,0.0,0.0,9.0,0.0,,0.0
primary,GROVER,SYM-1,multiple,gap_0.05,14,5,4.0,1.0,5.0,0.35714285714285715,0.8,0.4444444444444444
primary,GROVER,SYM-2,multiple,inspect_all,11,11,10.0,1.0,0.0,1.0,0.9090909090909091,1.0
primary,GROVER,SYM-2,multiple,unique_mode,11,11,10.0,1.0,0.0,1.0,0.9090909090909091,1.0
primary,GROVER,SYM-2,multiple,contrast_0.2,11,0,0.0,0.0,10.0,0.0,,0.0
primary,GROVER,SYM-2,multiple,contrast_0.5,11,0,0.0,0.0,10.0,0.0,,0.0
primary,GROVER,SYM-2,multiple,contrast_0.8,11,0,0.0,0.0,10.0,0.0,,0.0
primary,GROVER,SYM-2,multiple,rank_0.05,11,3,2.0,1.0,8.0,0.2727272727272727,0.6666666666666666,0.2
primary,GROVER,SYM-2,multiple,rank_0.01,11,2,1.0,1.0,9.0,0.18181818181818182,0.5,0.1
primary,GROVER,SYM-2,multiple,contrast_0.2_and_rank_0.05,11,0,0.0,0.0,10.0,0.0,,0.0
primary,GROVER,SYM-2,multiple,gap_0.05,11,3,2.0,1.0,8.0,0.2727272727272727,0.6666666666666666,0.2
primary,QFT,IV4-0000,singleton,inspect_all,8,8,6.0,2.0,0.0,1.0,0.75,1.0
primary,QFT,IV4-0000,singleton,unique_mode,8,8,6.0,2.0,0.0,1.0,0.75,1.0
primary,QFT,IV4-0000,singleton,contrast_0.2,8,6,6.0,0.0,0.0,0.75,1.0,1.0
primary,QFT,IV4-0000,singleton,contrast_0.5,8,6,6.0,0.0,0.0,0.75,1.0,1.0
primary,QFT,IV4-0000,singleton,contrast_0.8,8,6,6.0,0.0,0.0,0.75,1.0,1.0
primary,QFT,IV4-0000,singleton,rank_0.05,8,7,6.0,1.0,0.0,0.875,0.8571428571428571,1.0
primary,QFT,IV4-0000,singleton,rank_0.01,8,7,6.0,1.0,0.0,0.875,0.8571428571428571,1.0
primary,QFT,IV4-0000,singleton,contrast_0.2_and_rank_0.05,8,6,6.0,0.0,0.0,0.75,1.0,1.0
primary,QFT,IV4-0000,singleton,gap_0.05,8,7,6.0,1.0,0.0,0.875,0.8571428571428571,1.0
primary,QFT,IV4-0101,singleton,inspect_all,8,8,7.0,1.0,0.0,1.0,0.875,1.0
primary,QFT,IV4-0101,singleton,unique_mode,8,8,7.0,1.0,0.0,1.0,0.875,1.0
primary,QFT,IV4-0101,singleton,contrast_0.2,8,7,7.0,0.0,0.0,0.875,1.0,1.0
primary,QFT,IV4-0101,singleton,contrast_0.5,8,7,7.0,0.0,0.0,0.875,1.0,1.0
primary,QFT,IV4-0101,singleton,contrast_0.8,8,6,6.0,0.0,1.0,0.75,1.0,0.8571428571428571
primary,QFT,IV4-0101,singleton,rank_0.05,8,8,7.0,1.0,0.0,1.0,0.875,1.0
primary,QFT,IV4-0101,singleton,rank_0.01,8,8,7.0,1.0,0.0,1.0,0.875,1.0
primary,QFT,IV4-0101,singleton,contrast_0.2_and_rank_0.05,8,7,7.0,0.0,0.0,0.875,1.0,1.0
primary,QFT,IV4-0101,singleton,gap_0.05,8,8,7.0,1.0,0.0,1.0,0.875,1.0
primary,QFT,PV4-P4,multiple,inspect_all,8,8,7.0,1.0,0.0,1.0,0.875,1.0
primary,QFT,PV4-P4,multiple,unique_mode,8,8,7.0,1.0,0.0,1.0,0.875,1.0
primary,QFT,PV4-P4,multiple,contrast_0.2,8,6,6.0,0.0,1.0,0.75,1.0,0.8571428571428571
primary,QFT,PV4-P4,multiple,contrast_0.5,8,6,6.0,0.0,1.0,0.75,1.0,0.8571428571428571
primary,QFT,PV4-P4,multiple,contrast_0.8,8,6,6.0,0.0,1.0,0.75,1.0,0.8571428571428571
primary,QFT,PV4-P4,multiple,rank_0.05,8,7,6.0,1.0,1.0,0.875,0.8571428571428571,0.8571428571428571
primary,QFT,PV4-P4,multiple,rank_0.01,8,7,6.0,1.0,1.0,0.875,0.8571428571428571,0.8571428571428571
primary,QFT,PV4-P4,multiple,contrast_0.2_and_rank_0.05,8,6,6.0,0.0,1.0,0.75,1.0,0.8571428571428571
primary,QFT,PV4-P4,multiple,gap_0.05,8,7,6.0,1.0,1.0,0.875,0.8571428571428571,0.8571428571428571
primary,QFT,PV4-P8,multiple,inspect_all,8,8,8.0,0.0,0.0,1.0,1.0,1.0
primary,QFT,PV4-P8,multiple,unique_mode,8,8,8.0,0.0,0.0,1.0,1.0,1.0
primary,QFT,PV4-P8,multiple,contrast_0.2,8,7,7.0,0.0,1.0,0.875,1.0,0.875
primary,QFT,PV4-P8,multiple,contrast_0.5,8,6,6.0,0.0,2.0,0.75,1.0,0.75
primary,QFT,PV4-P8,multiple,contrast_0.8,8,6,6.0,0.0,2.0,0.75,1.0,0.75
primary,QFT,PV4-P8,multiple,rank_0.05,8,8,8.0,0.0,0.0,1.0,1.0,1.0
primary,QFT,PV4-P8,multiple,rank_0.01,8,8,8.0,0.0,0.0,1.0,1.0,1.0
primary,QFT,PV4-P8,multiple,contrast_0.2_and_rank_0.05,8,7,7.0,0.0,1.0,0.875,1.0,0.875
primary,QFT,PV4-P8,multiple,gap_0.05,8,8,8.0,0.0,0.0,1.0,1.0,1.0
primary,QFT,PV6-P16,multiple,inspect_all,8,8,8.0,0.0,0.0,1.0,1.0,1.0
primary,QFT,PV6-P16,multiple,unique_mode,8,8,8.0,0.0,0.0,1.0,1.0,1.0
primary,QFT,PV6-P16,multiple,contrast_0.2,8,5,5.0,0.0,3.0,0.625,1.0,0.625
primary,QFT,PV6-P16,multiple,contrast_0.5,8,3,3.0,0.0,5.0,0.375,1.0,0.375
primary,QFT,PV6-P16,multiple,contrast_0.8,8,2,2.0,0.0,6.0,0.25,1.0,0.25
primary,QFT,PV6-P16,multiple,rank_0.05,8,7,7.0,0.0,1.0,0.875,1.0,0.875
primary,QFT,PV6-P16,multiple,rank_0.01,8,7,7.0,0.0,1.0,0.875,1.0,0.875
primary,QFT,PV6-P16,multiple,contrast_0.2_and_rank_0.05,8,5,5.0,0.0,3.0,0.625,1.0,0.625
primary,QFT,PV6-P16,multiple,gap_0.05,8,6,6.0,0.0,2.0,0.75,1.0,0.75
primary,QFT,PV6-P8,multiple,inspect_all,8,8,7.0,1.0,0.0,1.0,0.875,1.0
primary,QFT,PV6-P8,multiple,unique_mode,8,8,7.0,1.0,0.0,1.0,0.875,1.0
primary,QFT,PV6-P8,multiple,contrast_0.2,8,7,6.0,1.0,1.0,0.875,0.8571428571428571,0.8571428571428571
primary,QFT,PV6-P8,multiple,contrast_0.5,8,4,4.0,0.0,3.0,0.5,1.0,0.5714285714285714
primary,QFT,PV6-P8,multiple,contrast_0.8,8,3,3.0,0.0,4.0,0.375,1.0,0.42857142857142855
primary,QFT,PV6-P8,multiple,rank_0.05,8,8,7.0,1.0,0.0,1.0,0.875,1.0
primary,QFT,PV6-P8,multiple,rank_0.01,8,8,7.0,1.0,0.0,1.0,0.875,1.0
primary,QFT,PV6-P8,multiple,contrast_0.2_and_rank_0.05,8,7,6.0,1.0,1.0,0.875,0.8571428571428571,0.8571428571428571
primary,QFT,PV6-P8,multiple,gap_0.05,8,8,7.0,1.0,0.0,1.0,0.875,1.0
primary,QFT,SP10-P4,multiple,inspect_all,4,4,4.0,0.0,0.0,1.0,1.0,1.0
primary,QFT,SP10-P4,multiple,unique_mode,4,4,4.0,0.0,0.0,1.0,1.0,1.0
primary,QFT,SP10-P4,multiple,contrast_0.2,4,3,3.0,0.0,1.0,0.75,1.0,0.75
primary,QFT,SP10-P4,multiple,contrast_0.5,4,2,2.0,0.0,2.0,0.5,1.0,0.5
primary,QFT,SP10-P4,multiple,contrast_0.8,4,0,0.0,0.0,4.0,0.0,,0.0
primary,QFT,SP10-P4,multiple,rank_0.05,4,3,3.0,0.0,1.0,0.75,1.0,0.75
primary,QFT,SP10-P4,multiple,rank_0.01,4,3,3.0,0.0,1.0,0.75,1.0,0.75
primary,QFT,SP10-P4,multiple,contrast_0.2_and_rank_0.05,4,3,3.0,0.0,1.0,0.75,1.0,0.75
primary,QFT,SP10-P4,multiple,gap_0.05,4,3,3.0,0.0,1.0,0.75,1.0,0.75
primary,QFT,SP3-P2,multiple,inspect_all,18,18,18.0,0.0,0.0,1.0,1.0,1.0
primary,QFT,SP3-P2,multiple,unique_mode,18,18,18.0,0.0,0.0,1.0,1.0,1.0
primary,QFT,SP3-P2,multiple,contrast_0.2,18,18,18.0,0.0,0.0,1.0,1.0,1.0
primary,QFT,SP3-P2,multiple,contrast_0.5,18,18,18.0,0.0,0.0,1.0,1.0,1.0
primary,QFT,SP3-P2,multiple,contrast_0.8,18,18,18.0,0.0,0.0,1.0,1.0,1.0
primary,QFT,SP3-P2,multiple,rank_0.05,18,18,18.0,0.0,0.0,1.0,1.0,1.0
primary,QFT,SP3-P2,multiple,rank_0.01,18,18,18.0,0.0,0.0,1.0,1.0,1.0
primary,QFT,SP3-P2,multiple,contrast_0.2_and_rank_0.05,18,18,18.0,0.0,0.0,1.0,1.0,1.0
primary,QFT,SP3-P2,multiple,gap_0.05,18,18,18.0,0.0,0.0,1.0,1.0,1.0
primary,QFT,SP4-P2,multiple,inspect_all,16,16,12.0,4.0,0.0,1.0,0.75,1.0
primary,QFT,SP4-P2,multiple,unique_mode,16,16,12.0,4.0,0.0,1.0,0.75,1.0
primary,QFT,SP4-P2,multiple,contrast_0.2,16,12,12.0,0.0,0.0,0.75,1.0,1.0
primary,QFT,SP4-P2,multiple,contrast_0.5,16,6,6.0,0.0,6.0,0.375,1.0,0.5
primary,QFT,SP4-P2,multiple,contrast_0.8,16,0,0.0,0.0,12.0,0.0,,0.0
primary,QFT,SP4-P2,multiple,rank_0.05,16,14,12.0,2.0,0.0,0.875,0.8571428571428571,1.0
primary,QFT,SP4-P2,multiple,rank_0.01,16,13,12.0,1.0,0.0,0.8125,0.9230769230769231,1.0
primary,QFT,SP4-P2,multiple,contrast_0.2_and_rank_0.05,16,12,12.0,0.0,0.0,0.75,1.0,1.0
primary,QFT,SP4-P2,multiple,gap_0.05,16,13,12.0,1.0,0.0,0.8125,0.9230769230769231,1.0
primary,QFT,SP4-P4,multiple,inspect_all,8,8,8.0,0.0,0.0,1.0,1.0,1.0
primary,QFT,SP4-P4,multiple,unique_mode,8,8,8.0,0.0,0.0,1.0,1.0,1.0
primary,QFT,SP4-P4,multiple,contrast_0.2,8,8,8.0,0.0,0.0,1.0,1.0,1.0
primary,QFT,SP4-P4,multiple,contrast_0.5,8,6,6.0,0.0,2.0,0.75,1.0,0.75
primary,QFT,SP4-P4,multiple,contrast_0.8,8,6,6.0,0.0,2.0,0.75,1.0,0.75
primary,QFT,SP4-P4,multiple,rank_0.05,8,8,8.0,0.0,0.0,1.0,1.0,1.0
primary,QFT,SP4-P4,multiple,rank_0.01,8,8,8.0,0.0,0.0,1.0,1.0,1.0
primary,QFT,SP4-P4,multiple,contrast_0.2_and_rank_0.05,8,8,8.0,0.0,0.0,1.0,1.0,1.0
primary,QFT,SP4-P4,multiple,gap_0.05,8,8,8.0,0.0,0.0,1.0,1.0,1.0
primary,QFT,SP5-P4,multiple,inspect_all,6,6,6.0,0.0,0.0,1.0,1.0,1.0
primary,QFT,SP5-P4,multiple,unique_mode,6,6,6.0,0.0,0.0,1.0,1.0,1.0
primary,QFT,SP5-P4,multiple,contrast_0.2,6,5,5.0,0.0,1.0,0.8333333333333334,1.0,0.8333333333333334
primary,QFT,SP5-P4,multiple,contrast_0.5,6,2,2.0,0.0,4.0,0.3333333333333333,1.0,0.3333333333333333
primary,QFT,SP5-P4,multiple,contrast_0.8,6,1,1.0,0.0,5.0,0.16666666666666666,1.0,0.16666666666666666
primary,QFT,SP5-P4,multiple,rank_0.05,6,5,5.0,0.0,1.0,0.8333333333333334,1.0,0.8333333333333334
primary,QFT,SP5-P4,multiple,rank_0.01,6,5,5.0,0.0,1.0,0.8333333333333334,1.0,0.8333333333333334
primary,QFT,SP5-P4,multiple,contrast_0.2_and_rank_0.05,6,5,5.0,0.0,1.0,0.8333333333333334,1.0,0.8333333333333334
primary,QFT,SP5-P4,multiple,gap_0.05,6,5,5.0,0.0,1.0,0.8333333333333334,1.0,0.8333333333333334
primary,QFT,SP6-P8,multiple,inspect_all,8,8,8.0,0.0,0.0,1.0,1.0,1.0
primary,QFT,SP6-P8,multiple,unique_mode,8,8,8.0,0.0,0.0,1.0,1.0,1.0
primary,QFT,SP6-P8,multiple,contrast_0.2,8,6,6.0,0.0,2.0,0.75,1.0,0.75
primary,QFT,SP6-P8,multiple,contrast_0.5,8,6,6.0,0.0,2.0,0.75,1.0,0.75
primary,QFT,SP6-P8,multiple,contrast_0.8,8,5,5.0,0.0,3.0,0.625,1.0,0.625
primary,QFT,SP6-P8,multiple,rank_0.05,8,7,7.0,0.0,1.0,0.875,1.0,0.875
primary,QFT,SP6-P8,multiple,rank_0.01,8,6,6.0,0.0,2.0,0.75,1.0,0.75
primary,QFT,SP6-P8,multiple,contrast_0.2_and_rank_0.05,8,6,6.0,0.0,2.0,0.75,1.0,0.75
primary,QFT,SP6-P8,multiple,gap_0.05,8,6,6.0,0.0,2.0,0.75,1.0,0.75
primary,QFT,SP8-P4,multiple,inspect_all,4,4,3.0,1.0,0.0,1.0,0.75,1.0
primary,QFT,SP8-P4,multiple,unique_mode,4,4,3.0,1.0,0.0,1.0,0.75,1.0
primary,QFT,SP8-P4,multiple,contrast_0.2,4,3,3.0,0.0,0.0,0.75,1.0,1.0
primary,QFT,SP8-P4,multiple,contrast_0.5,4,2,2.0,0.0,1.0,0.5,1.0,0.6666666666666666
primary,QFT,SP8-P4,multiple,contrast_0.8,4,1,1.0,0.0,2.0,0.25,1.0,0.3333333333333333
primary,QFT,SP8-P4,multiple,rank_0.05,4,4,3.0,1.0,0.0,1.0,0.75,1.0
primary,QFT,SP8-P4,multiple,rank_0.01,4,4,3.0,1.0,0.0,1.0,0.75,1.0
primary,QFT,SP8-P4,multiple,contrast_0.2_and_rank_0.05,4,3,3.0,0.0,0.0,0.75,1.0,1.0
primary,QFT,SP8-P4,multiple,gap_0.05,4,4,3.0,1.0,0.0,1.0,0.75,1.0
primary,QFT,SR10,singleton,inspect_all,4,4,3.0,1.0,0.0,1.0,0.75,1.0
primary,QFT,SR10,singleton,unique_mode,4,4,3.0,1.0,0.0,1.0,0.75,1.0
primary,QFT,SR10,singleton,contrast_0.2,4,2,2.0,0.0,1.0,0.5,1.0,0.6666666666666666
primary,QFT,SR10,singleton,contrast_0.5,4,0,0.0,0.0,3.0,0.0,,0.0
primary,QFT,SR10,singleton,contrast_0.8,4,0,0.0,0.0,3.0,0.0,,0.0
primary,QFT,SR10,singleton,rank_0.05,4,2,2.0,0.0,1.0,0.5,1.0,0.6666666666666666
primary,QFT,SR10,singleton,rank_0.01,4,2,2.0,0.0,1.0,0.5,1.0,0.6666666666666666
primary,QFT,SR10,singleton,contrast_0.2_and_rank_0.05,4,2,2.0,0.0,1.0,0.5,1.0,0.6666666666666666
primary,QFT,SR10,singleton,gap_0.05,4,1,1.0,0.0,2.0,0.25,1.0,0.3333333333333333
primary,QFT,SR2,singleton,inspect_all,34,34,34.0,0.0,0.0,1.0,1.0,1.0
primary,QFT,SR2,singleton,unique_mode,34,34,34.0,0.0,0.0,1.0,1.0,1.0
primary,QFT,SR2,singleton,contrast_0.2,34,33,33.0,0.0,1.0,0.9705882352941176,1.0,0.9705882352941176
primary,QFT,SR2,singleton,contrast_0.5,34,33,33.0,0.0,1.0,0.9705882352941176,1.0,0.9705882352941176
primary,QFT,SR2,singleton,contrast_0.8,34,21,21.0,0.0,13.0,0.6176470588235294,1.0,0.6176470588235294
primary,QFT,SR2,singleton,rank_0.05,34,34,34.0,0.0,0.0,1.0,1.0,1.0
primary,QFT,SR2,singleton,rank_0.01,34,33,33.0,0.0,1.0,0.9705882352941176,1.0,0.9705882352941176
primary,QFT,SR2,singleton,contrast_0.2_and_rank_0.05,34,33,33.0,0.0,1.0,0.9705882352941176,1.0,0.9705882352941176
primary,QFT,SR2,singleton,gap_0.05,34,34,34.0,0.0,0.0,1.0,1.0,1.0
primary,QFT,SR3,singleton,inspect_all,37,37,37.0,0.0,0.0,1.0,1.0,1.0
primary,QFT,SR3,singleton,unique_mode,37,37,37.0,0.0,0.0,1.0,1.0,1.0
primary,QFT,SR3,singleton,contrast_0.2,37,36,36.0,0.0,1.0,0.972972972972973,1.0,0.972972972972973
primary,QFT,SR3,singleton,contrast_0.5,37,35,35.0,0.0,2.0,0.9459459459459459,1.0,0.9459459459459459
primary,QFT,SR3,singleton,contrast_0.8,37,33,33.0,0.0,4.0,0.8918918918918919,1.0,0.8918918918918919
primary,QFT,SR3,singleton,rank_0.05,37,36,36.0,0.0,1.0,0.972972972972973,1.0,0.972972972972973
primary,QFT,SR3,singleton,rank_0.01,37,36,36.0,0.0,1.0,0.972972972972973,1.0,0.972972972972973
primary,QFT,SR3,singleton,contrast_0.2_and_rank_0.05,37,36,36.0,0.0,1.0,0.972972972972973,1.0,0.972972972972973
primary,QFT,SR3,singleton,gap_0.05,37,36,36.0,0.0,1.0,0.972972972972973,1.0,0.972972972972973
primary,QFT,SR4,singleton,inspect_all,17,17,16.0,1.0,0.0,1.0,0.9411764705882353,1.0
primary,QFT,SR4,singleton,unique_mode,17,17,16.0,1.0,0.0,1.0,0.9411764705882353,1.0
primary,QFT,SR4,singleton,contrast_0.2,17,15,15.0,0.0,1.0,0.8823529411764706,1.0,0.9375
primary,QFT,SR4,singleton,contrast_0.5,17,12,12.0,0.0,4.0,0.7058823529411765,1.0,0.75
primary,QFT,SR4,singleton,contrast_0.8,17,4,4.0,0.0,12.0,0.23529411764705882,1.0,0.25
primary,QFT,SR4,singleton,rank_0.05,17,15,15.0,0.0,1.0,0.8823529411764706,1.0,0.9375
primary,QFT,SR4,singleton,rank_0.01,17,15,15.0,0.0,1.0,0.8823529411764706,1.0,0.9375
primary,QFT,SR4,singleton,contrast_0.2_and_rank_0.05,17,15,15.0,0.0,1.0,0.8823529411764706,1.0,0.9375
primary,QFT,SR4,singleton,gap_0.05,17,15,15.0,0.0,1.0,0.8823529411764706,1.0,0.9375
primary,QFT,SR5,singleton,inspect_all,21,21,10.0,11.0,0.0,1.0,0.47619047619047616,1.0
primary,QFT,SR5,singleton,unique_mode,21,21,10.0,11.0,0.0,1.0,0.47619047619047616,1.0
primary,QFT,SR5,singleton,contrast_0.2,21,8,7.0,1.0,3.0,0.38095238095238093,0.875,0.7
primary,QFT,SR5,singleton,contrast_0.5,21,7,7.0,0.0,3.0,0.3333333333333333,1.0,0.7
primary,QFT,SR5,singleton,contrast_0.8,21,7,7.0,0.0,3.0,0.3333333333333333,1.0,0.7
primary,QFT,SR5,singleton,rank_0.05,21,13,8.0,5.0,2.0,0.6190476190476191,0.6153846153846154,0.8
primary,QFT,SR5,singleton,rank_0.01,21,9,7.0,2.0,3.0,0.42857142857142855,0.7777777777777778,0.7
primary,QFT,SR5,singleton,contrast_0.2_and_rank_0.05,21,8,7.0,1.0,3.0,0.38095238095238093,0.875,0.7
primary,QFT,SR5,singleton,gap_0.05,21,8,7.0,1.0,3.0,0.38095238095238093,0.875,0.7
primary,QFT,SR6,singleton,inspect_all,8,8,6.0,2.0,0.0,1.0,0.75,1.0
primary,QFT,SR6,singleton,unique_mode,8,8,6.0,2.0,0.0,1.0,0.75,1.0
primary,QFT,SR6,singleton,contrast_0.2,8,6,6.0,0.0,0.0,0.75,1.0,1.0
primary,QFT,SR6,singleton,contrast_0.5,8,5,5.0,0.0,1.0,0.625,1.0,0.8333333333333334
primary,QFT,SR6,singleton,contrast_0.8,8,0,0.0,0.0,6.0,0.0,,0.0
primary,QFT,SR6,singleton,rank_0.05,8,6,6.0,0.0,0.0,0.75,1.0,1.0
primary,QFT,SR6,singleton,rank_0.01,8,6,6.0,0.0,0.0,0.75,1.0,1.0
primary,QFT,SR6,singleton,contrast_0.2_and_rank_0.05,8,6,6.0,0.0,0.0,0.75,1.0,1.0
primary,QFT,SR6,singleton,gap_0.05,8,6,6.0,0.0,0.0,0.75,1.0,1.0
primary,QFT,SR7,singleton,inspect_all,2,2,2.0,0.0,0.0,1.0,1.0,1.0
primary,QFT,SR7,singleton,unique_mode,2,2,2.0,0.0,0.0,1.0,1.0,1.0
primary,QFT,SR7,singleton,contrast_0.2,2,1,1.0,0.0,1.0,0.5,1.0,0.5
primary,QFT,SR7,singleton,contrast_0.5,2,0,0.0,0.0,2.0,0.0,,0.0
primary,QFT,SR7,singleton,contrast_0.8,2,0,0.0,0.0,2.0,0.0,,0.0
primary,QFT,SR7,singleton,rank_0.05,2,1,1.0,0.0,1.0,0.5,1.0,0.5
primary,QFT,SR7,singleton,rank_0.01,2,1,1.0,0.0,1.0,0.5,1.0,0.5
primary,QFT,SR7,singleton,contrast_0.2_and_rank_0.05,2,1,1.0,0.0,1.0,0.5,1.0,0.5
primary,QFT,SR7,singleton,gap_0.05,2,1,1.0,0.0,1.0,0.5,1.0,0.5
primary,QFT,SR8,singleton,inspect_all,4,4,4.0,0.0,0.0,1.0,1.0,1.0
primary,QFT,SR8,singleton,unique_mode,4,4,4.0,0.0,0.0,1.0,1.0,1.0
primary,QFT,SR8,singleton,contrast_0.2,4,3,3.0,0.0,1.0,0.75,1.0,0.75
primary,QFT,SR8,singleton,contrast_0.5,4,2,2.0,0.0,2.0,0.5,1.0,0.5
primary,QFT,SR8,singleton,contrast_0.8,4,0,0.0,0.0,4.0,0.0,,0.0
primary,QFT,SR8,singleton,rank_0.05,4,3,3.0,0.0,1.0,0.75,1.0,0.75
primary,QFT,SR8,singleton,rank_0.01,4,3,3.0,0.0,1.0,0.75,1.0,0.75
primary,QFT,SR8,singleton,contrast_0.2_and_rank_0.05,4,3,3.0,0.0,1.0,0.75,1.0,0.75
primary,QFT,SR8,singleton,gap_0.05,4,2,2.0,0.0,2.0,0.5,1.0,0.5
teleportation_hardware,TELEPORTATION,payload_1,singleton,inspect_all,201,201,173.0,28.0,0.0,1.0,0.8606965174129353,1.0
teleportation_hardware,TELEPORTATION,payload_1,singleton,unique_mode,201,197,171.0,26.0,2.0,0.9800995024875622,0.868020304568528,0.9884393063583815
teleportation_hardware,TELEPORTATION,payload_1,singleton,contrast_0.2,201,123,123.0,0.0,50.0,0.6119402985074627,1.0,0.7109826589595376
teleportation_hardware,TELEPORTATION,payload_1,singleton,contrast_0.5,201,19,19.0,0.0,154.0,0.0945273631840796,1.0,0.10982658959537572
teleportation_hardware,TELEPORTATION,payload_1,singleton,contrast_0.8,201,9,9.0,0.0,164.0,0.04477611940298507,1.0,0.05202312138728324
teleportation_hardware,TELEPORTATION,payload_1,singleton,rank_0.05,201,156,145.0,11.0,28.0,0.7761194029850746,0.9294871794871795,0.838150289017341
teleportation_hardware,TELEPORTATION,payload_1,singleton,rank_0.01,201,145,136.0,9.0,37.0,0.7213930348258707,0.9379310344827586,0.7861271676300579
teleportation_hardware,TELEPORTATION,payload_1,singleton,contrast_0.2_and_rank_0.05,201,106,106.0,0.0,67.0,0.527363184079602,1.0,0.6127167630057804
teleportation_hardware,TELEPORTATION,payload_1,singleton,gap_0.05,201,166,159.0,7.0,14.0,0.8258706467661692,0.9578313253012049,0.9190751445086706
teleportation_hardware,TELEPORTATION,payload_2,singleton,inspect_all,180,180,53.0,127.0,0.0,1.0,0.29444444444444445,1.0
teleportation_hardware,TELEPORTATION,payload_2,singleton,unique_mode,180,174,50.0,124.0,3.0,0.9666666666666667,0.28735632183908044,0.9433962264150944
teleportation_hardware,TELEPORTATION,payload_2,singleton,contrast_0.2,180,79,25.0,54.0,28.0,0.4388888888888889,0.31645569620253167,0.4716981132075472
teleportation_hardware,TELEPORTATION,payload_2,singleton,contrast_0.5,180,7,4.0,3.0,49.0,0.03888888888888889,0.5714285714285714,0.07547169811320754
teleportation_hardware,TELEPORTATION,payload_2,singleton,contrast_0.8,180,0,0.0,0.0,53.0,0.0,,0.0
teleportation_hardware,TELEPORTATION,payload_2,singleton,rank_0.05,180,118,31.0,87.0,22.0,0.6555555555555556,0.2627118644067797,0.5849056603773585
teleportation_hardware,TELEPORTATION,payload_2,singleton,rank_0.01,180,113,29.0,84.0,24.0,0.6277777777777778,0.25663716814159293,0.5471698113207547
teleportation_hardware,TELEPORTATION,payload_2,singleton,contrast_0.2_and_rank_0.05,180,68,19.0,49.0,34.0,0.37777777777777777,0.27941176470588236,0.3584905660377358
teleportation_hardware,TELEPORTATION,payload_2,singleton,gap_0.05,180,126,35.0,91.0,18.0,0.7,0.2777777777777778,0.660377358490566
teleportation_hardware,TELEPORTATION,payload_3,singleton,inspect_all,166,166,34.0,132.0,0.0,1.0,0.20481927710843373,1.0
teleportation_hardware,TELEPORTATION,payload_3,singleton,unique_mode,166,163,33.0,130.0,1.0,0.9819277108433735,0.20245398773006135,0.9705882352941176
teleportation_hardware,TELEPORTATION,payload_3,singleton,contrast_0.2,166,24,7.0,17.0,27.0,0.14457831325301204,0.2916666666666667,0.20588235294117646
teleportation_hardware,TELEPORTATION,payload_3,singleton,contrast_0.5,166,2,2.0,0.0,32.0,0.012048192771084338,1.0,0.058823529411764705
teleportation_hardware,TELEPORTATION,payload_3,singleton,contrast_0.8,166,0,0.0,0.0,34.0,0.0,,0.0
teleportation_hardware,TELEPORTATION,payload_3,singleton,rank_0.05,166,65,14.0,51.0,20.0,0.39156626506024095,0.2153846153846154,0.4117647058823529
teleportation_hardware,TELEPORTATION,payload_3,singleton,rank_0.01,166,53,12.0,41.0,22.0,0.3192771084337349,0.22641509433962265,0.35294117647058826
teleportation_hardware,TELEPORTATION,payload_3,singleton,contrast_0.2_and_rank_0.05,166,7,1.0,6.0,33.0,0.04216867469879518,0.14285714285714285,0.029411764705882353
teleportation_hardware,TELEPORTATION,payload_3,singleton,gap_0.05,166,45,18.0,27.0,16.0,0.2710843373493976,0.4,0.5294117647058824
teleportation_hardware,TELEPORTATION,payload_4,singleton,inspect_all,159,159,11.833333333333334,147.16666666666666,0.0,1.0,0.07442348008385745,1.0
teleportation_hardware,TELEPORTATION,payload_4,singleton,unique_mode,159,139,10.0,129.0,1.833333333333334,0.8742138364779874,0.07194244604316546,0.8450704225352113
teleportation_hardware,TELEPORTATION,payload_4,singleton,contrast_0.2,159,13,0.0,13.0,11.833333333333334,0.08176100628930817,0.0,0.0
teleportation_hardware,TELEPORTATION,payload_4,singleton,contrast_0.5,159,1,0.0,1.0,11.833333333333334,0.006289308176100629,0.0,0.0
teleportation_hardware,TELEPORTATION,payload_4,singleton,contrast_0.8,159,0,0.0,0.0,11.833333333333334,0.0,,0.0
teleportation_hardware,TELEPORTATION,payload_4,singleton,rank_0.05,159,31,5.0,26.0,6.833333333333334,0.1949685534591195,0.16129032258064516,0.4225352112676056
teleportation_hardware,TELEPORTATION,payload_4,singleton,rank_0.01,159,24,5.0,19.0,6.833333333333334,0.1509433962264151,0.20833333333333334,0.4225352112676056
teleportation_hardware,TELEPORTATION,payload_4,singleton,contrast_0.2_and_rank_0.05,159,4,0.0,4.0,11.833333333333334,0.025157232704402517,0.0,0.0
teleportation_hardware,TELEPORTATION,payload_4,singleton,gap_0.05,159,14,1.0,13.0,10.833333333333334,0.0880503144654088,0.07142857142857142,0.08450704225352113
teleportation_hardware,TELEPORTATION,payload_5,singleton,inspect_all,86,86,4.0,82.0,0.0,1.0,0.046511627906976744,1.0
teleportation_hardware,TELEPORTATION,payload_5,singleton,unique_mode,86,84,4.0,80.0,0.0,0.9767441860465116,0.047619047619047616,1.0
teleportation_hardware,TELEPORTATION,payload_5,singleton,contrast_0.2,86,2,0.0,2.0,4.0,0.023255813953488372,0.0,0.0
teleportation_hardware,TELEPORTATION,payload_5,singleton,contrast_0.5,86,0,0.0,0.0,4.0,0.0,,0.0
teleportation_hardware,TELEPORTATION,payload_5,singleton,contrast_0.8,86,0,0.0,0.0,4.0,0.0,,0.0
teleportation_hardware,TELEPORTATION,payload_5,singleton,rank_0.05,86,10,0.0,10.0,4.0,0.11627906976744186,0.0,0.0
teleportation_hardware,TELEPORTATION,payload_5,singleton,rank_0.01,86,7,0.0,7.0,4.0,0.08139534883720931,0.0,0.0
teleportation_hardware,TELEPORTATION,payload_5,singleton,contrast_0.2_and_rank_0.05,86,2,0.0,2.0,4.0,0.023255813953488372,0.0,0.0
teleportation_hardware,TELEPORTATION,payload_5,singleton,gap_0.05,86,0,0.0,0.0,4.0,0.0,,0.0
teleportation_simulator,TELEPORTATION,payload_3,singleton,inspect_all,1,1,1.0,0.0,0.0,1.0,1.0,1.0
teleportation_simulator,TELEPORTATION,payload_3,singleton,unique_mode,1,1,1.0,0.0,0.0,1.0,1.0,1.0
teleportation_simulator,TELEPORTATION,payload_3,singleton,contrast_0.2,1,1,1.0,0.0,0.0,1.0,1.0,1.0
teleportation_simulator,TELEPORTATION,payload_3,singleton,contrast_0.5,1,1,1.0,0.0,0.0,1.0,1.0,1.0
teleportation_simulator,TELEPORTATION,payload_3,singleton,contrast_0.8,1,1,1.0,0.0,0.0,1.0,1.0,1.0
teleportation_simulator,TELEPORTATION,payload_3,singleton,rank_0.05,1,1,1.0,0.0,0.0,1.0,1.0,1.0
teleportation_simulator,TELEPORTATION,payload_3,singleton,rank_0.01,1,1,1.0,0.0,0.0,1.0,1.0,1.0
teleportation_simulator,TELEPORTATION,payload_3,singleton,contrast_0.2_and_rank_0.05,1,1,1.0,0.0,0.0,1.0,1.0,1.0
teleportation_simulator,TELEPORTATION,payload_3,singleton,gap_0.05,1,1,1.0,0.0,0.0,1.0,1.0,1.0
teleportation_simulator,TELEPORTATION,payload_4,singleton,inspect_all,3,3,3.0,0.0,0.0,1.0,1.0,1.0
teleportation_simulator,TELEPORTATION,payload_4,singleton,unique_mode,3,3,3.0,0.0,0.0,1.0,1.0,1.0
teleportation_simulator,TELEPORTATION,payload_4,singleton,contrast_0.2,3,3,3.0,0.0,0.0,1.0,1.0,1.0
teleportation_simulator,TELEPORTATION,payload_4,singleton,contrast_0.5,3,3,3.0,0.0,0.0,1.0,1.0,1.0
teleportation_simulator,TELEPORTATION,payload_4,singleton,contrast_0.8,3,3,3.0,0.0,0.0,1.0,1.0,1.0
teleportation_simulator,TELEPORTATION,payload_4,singleton,rank_0.05,3,3,3.0,0.0,0.0,1.0,1.0,1.0
teleportation_simulator,TELEPORTATION,payload_4,singleton,rank_0.01,3,3,3.0,0.0,0.0,1.0,1.0,1.0
teleportation_simulator,TELEPORTATION,payload_4,singleton,contrast_0.2_and_rank_0.05,3,3,3.0,0.0,0.0,1.0,1.0,1.0
teleportation_simulator,TELEPORTATION,payload_4,singleton,gap_0.05,3,3,3.0,0.0,0.0,1.0,1.0,1.0
