cohort,backend_name,target_group,policy,jobs,selected,correct_selected,wrong_selected,correct_deferred,selection_rate,correct_fraction_selected,correct_candidate_retention
primary,Ankaa-3,multiple,inspect_all,39,39,17.0,22.0,0.0,1.0,0.4358974358974359,1.0
primary,Ankaa-3,multiple,unique_mode,39,39,17.0,22.0,0.0,1.0,0.4358974358974359,1.0
primary,Ankaa-3,multiple,contrast_0.2,39,15,14.0,1.0,3.0,0.38461538461538464,0.9333333333333333,0.8235294117647058
primary,Ankaa-3,multiple,contrast_0.5,39,6,6.0,0.0,11.0,0.15384615384615385,1.0,0.35294117647058826
primary,Ankaa-3,multiple,contrast_0.8,39,0,0.0,0.0,17.0,0.0,,0.0
primary,Ankaa-3,multiple,rank_0.05,39,24,15.0,9.0,2.0,0.6153846153846154,0.625,0.8823529411764706
primary,Ankaa-3,multiple,rank_0.01,39,20,14.0,6.0,3.0,0.5128205128205128,0.7,0.8235294117647058
primary,Ankaa-3,multiple,contrast_0.2_and_rank_0.05,39,15,14.0,1.0,3.0,0.38461538461538464,0.9333333333333333,0.8235294117647058
primary,Ankaa-3,multiple,gap_0.05,39,20,14.0,6.0,3.0,0.5128205128205128,0.7,0.8235294117647058
primary,Ankaa-3,singleton,inspect_all,83,83,52.0,31.0,0.0,1.0,0.6265060240963856,1.0
primary,Ankaa-3,singleton,unique_mode,83,83,52.0,31.0,0.0,1.0,0.6265060240963856,1.0
primary,Ankaa-3,singleton,contrast_0.2,83,51,46.0,5.0,6.0,0.6144578313253012,0.9019607843137255,0.8846153846153846
primary,Ankaa-3,singleton,contrast_0.5,83,44,44.0,0.0,8.0,0.5301204819277109,1.0,0.8461538461538461
primary,Ankaa-3,singleton,contrast_0.8,83,27,27.0,0.0,25.0,0.3253012048192771,1.0,0.5192307692307693
primary,Ankaa-3,singleton,rank_0.05,83,65,49.0,16.0,3.0,0.7831325301204819,0.7538461538461538,0.9423076923076923
primary,Ankaa-3,singleton,rank_0.01,83,57,48.0,9.0,4.0,0.6867469879518072,0.8421052631578947,0.9230769230769231
primary,Ankaa-3,singleton,contrast_0.2_and_rank_0.05,83,51,46.0,5.0,6.0,0.6144578313253012,0.9019607843137255,0.8846153846153846
primary,Ankaa-3,singleton,gap_0.05,83,57,48.0,9.0,4.0,0.6867469879518072,0.8421052631578947,0.9230769230769231
primary,Forte 1,singleton,inspect_all,1,1,1.0,0.0,0.0,1.0,1.0,1.0
primary,Forte 1,singleton,unique_mode,1,1,1.0,0.0,0.0,1.0,1.0,1.0
primary,Forte 1,singleton,contrast_0.2,1,1,1.0,0.0,0.0,1.0,1.0,1.0
primary,Forte 1,singleton,contrast_0.5,1,1,1.0,0.0,0.0,1.0,1.0,1.0
primary,Forte 1,singleton,contrast_0.8,1,1,1.0,0.0,0.0,1.0,1.0,1.0
primary,Forte 1,singleton,rank_0.05,1,1,1.0,0.0,0.0,1.0,1.0,1.0
primary,Forte 1,singleton,rank_0.01,1,1,1.0,0.0,0.0,1.0,1.0,1.0
primary,Forte 1,singleton,contrast_0.2_and_rank_0.05,1,1,1.0,0.0,0.0,1.0,1.0,1.0
primary,Forte 1,singleton,gap_0.05,1,1,1.0,0.0,0.0,1.0,1.0,1.0
primary,ibm_fez,multiple,inspect_all,107,107,101.0,6.0,0.0,1.0,0.9439252336448598,1.0
primary,ibm_fez,multiple,unique_mode,107,107,101.0,6.0,0.0,1.0,0.9439252336448598,1.0
primary,ibm_fez,multiple,contrast_0.2,107,61,59.0,2.0,42.0,0.5700934579439252,0.9672131147540983,0.5841584158415841
primary,ibm_fez,multiple,contrast_0.5,107,47,47.0,0.0,54.0,0.4392523364485981,1.0,0.46534653465346537
primary,ibm_fez,multiple,contrast_0.8,107,42,42.0,0.0,59.0,0.3925233644859813,1.0,0.4158415841584158
primary,ibm_fez,multiple,rank_0.05,107,82,77.0,5.0,24.0,0.7663551401869159,0.9390243902439024,0.7623762376237624
primary,ibm_fez,multiple,rank_0.01,107,75,71.0,4.0,30.0,0.7009345794392523,0.9466666666666667,0.7029702970297029
primary,ibm_fez,multiple,contrast_0.2_and_rank_0.05,107,61,59.0,2.0,42.0,0.5700934579439252,0.9672131147540983,0.5841584158415841
primary,ibm_fez,multiple,gap_0.05,107,80,75.0,5.0,26.0,0.7476635514018691,0.9375,0.7425742574257426
primary,ibm_fez,singleton,inspect_all,219,219,207.0,12.0,0.0,1.0,0.9452054794520548,1.0
primary,ibm_fez,singleton,unique_mode,219,219,207.0,12.0,0.0,1.0,0.9452054794520548,1.0
primary,ibm_fez,singleton,contrast_0.2,219,198,198.0,0.0,9.0,0.9041095890410958,1.0,0.9565217391304348
primary,ibm_fez,singleton,contrast_0.5,219,190,190.0,0.0,17.0,0.867579908675799,1.0,0.9178743961352657
primary,ibm_fez,singleton,contrast_0.8,219,129,129.0,0.0,78.0,0.589041095890411,1.0,0.6231884057971014
primary,ibm_fez,singleton,rank_0.05,219,202,200.0,2.0,7.0,0.9223744292237442,0.9900990099009901,0.966183574879227
primary,ibm_fez,singleton,rank_0.01,219,201,199.0,2.0,8.0,0.9178082191780822,0.9900497512437811,0.961352657004831
primary,ibm_fez,singleton,contrast_0.2_and_rank_0.05,219,198,198.0,0.0,9.0,0.9041095890410958,1.0,0.9565217391304348
primary,ibm_fez,singleton,gap_0.05,219,201,199.0,2.0,8.0,0.9178082191780822,0.9900497512437811,0.961352657004831
primary,ibm_kingston,multiple,inspect_all,9,9,9.0,0.0,0.0,1.0,1.0,1.0
primary,ibm_kingston,multiple,unique_mode,9,9,9.0,0.0,0.0,1.0,1.0,1.0
primary,ibm_kingston,multiple,contrast_0.2,9,5,5.0,0.0,4.0,0.5555555555555556,1.0,0.5555555555555556
primary,ibm_kingston,multiple,contrast_0.5,9,5,5.0,0.0,4.0,0.5555555555555556,1.0,0.5555555555555556
primary,ibm_kingston,multiple,contrast_0.8,9,5,5.0,0.0,4.0,0.5555555555555556,1.0,0.5555555555555556
primary,ibm_kingston,multiple,rank_0.05,9,6,6.0,0.0,3.0,0.6666666666666666,1.0,0.6666666666666666
primary,ibm_kingston,multiple,rank_0.01,9,5,5.0,0.0,4.0,0.5555555555555556,1.0,0.5555555555555556
primary,ibm_kingston,multiple,contrast_0.2_and_rank_0.05,9,5,5.0,0.0,4.0,0.5555555555555556,1.0,0.5555555555555556
primary,ibm_kingston,multiple,gap_0.05,9,6,6.0,0.0,3.0,0.6666666666666666,1.0,0.6666666666666666
primary,ibm_kingston,singleton,inspect_all,63,63,45.0,18.0,0.0,1.0,0.7142857142857143,1.0
primary,ibm_kingston,singleton,unique_mode,63,63,45.0,18.0,0.0,1.0,0.7142857142857143,1.0
primary,ibm_kingston,singleton,contrast_0.2,63,54,45.0,9.0,0.0,0.8571428571428571,0.8333333333333334,1.0
primary,ibm_kingston,singleton,contrast_0.5,63,45,45.0,0.0,0.0,0.7142857142857143,1.0,1.0
primary,ibm_kingston,singleton,contrast_0.8,63,41,41.0,0.0,4.0,0.6507936507936508,1.0,0.9111111111111111
primary,ibm_kingston,singleton,rank_0.05,63,54,45.0,9.0,0.0,0.8571428571428571,0.8333333333333334,1.0
primary,ibm_kingston,singleton,rank_0.01,63,50,45.0,5.0,0.0,0.7936507936507936,0.9,1.0
primary,ibm_kingston,singleton,contrast_0.2_and_rank_0.05,63,54,45.0,9.0,0.0,0.8571428571428571,0.8333333333333334,1.0
primary,ibm_kingston,singleton,gap_0.05,63,45,45.0,0.0,0.0,0.7142857142857143,1.0,1.0
primary,ibm_marrakesh,multiple,inspect_all,32,32,6.25,25.75,0.0,1.0,0.1953125,1.0
primary,ibm_marrakesh,multiple,unique_mode,32,23,6.0,17.0,0.25,0.71875,0.2608695652173913,0.96
primary,ibm_marrakesh,multiple,contrast_0.2,32,10,3.0,7.0,3.25,0.3125,0.3,0.48
primary,ibm_marrakesh,multiple,contrast_0.5,32,2,2.0,0.0,4.25,0.0625,1.0,0.32
primary,ibm_marrakesh,multiple,contrast_0.8,32,0,0.0,0.0,6.25,0.0,,0.0
primary,ibm_marrakesh,multiple,rank_0.05,32,3,3.0,0.0,3.25,0.09375,1.0,0.48
primary,ibm_marrakesh,multiple,rank_0.01,32,2,2.0,0.0,4.25,0.0625,1.0,0.32
primary,ibm_marrakesh,multiple,contrast_0.2_and_rank_0.05,32,3,3.0,0.0,3.25,0.09375,1.0,0.48
primary,ibm_marrakesh,multiple,gap_0.05,32,2,2.0,0.0,4.25,0.0625,1.0,0.32
primary,ibm_marrakesh,singleton,inspect_all,37,37,37.0,0.0,0.0,1.0,1.0,1.0
primary,ibm_marrakesh,singleton,unique_mode,37,37,37.0,0.0,0.0,1.0,1.0,1.0
primary,ibm_marrakesh,singleton,contrast_0.2,37,36,36.0,0.0,1.0,0.972972972972973,1.0,0.972972972972973
primary,ibm_marrakesh,singleton,contrast_0.5,37,31,31.0,0.0,6.0,0.8378378378378378,1.0,0.8378378378378378
primary,ibm_marrakesh,singleton,contrast_0.8,37,28,28.0,0.0,9.0,0.7567567567567568,1.0,0.7567567567567568
primary,ibm_marrakesh,singleton,rank_0.05,37,36,36.0,0.0,1.0,0.972972972972973,1.0,0.972972972972973
primary,ibm_marrakesh,singleton,rank_0.01,37,36,36.0,0.0,1.0,0.972972972972973,1.0,0.972972972972973
primary,ibm_marrakesh,singleton,contrast_0.2_and_rank_0.05,37,36,36.0,0.0,1.0,0.972972972972973,1.0,0.972972972972973
primary,ibm_marrakesh,singleton,gap_0.05,37,33,33.0,0.0,4.0,0.8918918918918919,1.0,0.8918918918918919
primary,ibm_torino,multiple,inspect_all,28,28,27.0,1.0,0.0,1.0,0.9642857142857143,1.0
primary,ibm_torino,multiple,unique_mode,28,28,27.0,1.0,0.0,1.0,0.9642857142857143,1.0
primary,ibm_torino,multiple,contrast_0.2,28,5,5.0,0.0,22.0,0.17857142857142858,1.0,0.18518518518518517
primary,ibm_torino,multiple,contrast_0.5,28,2,2.0,0.0,25.0,0.07142857142857142,1.0,0.07407407407407407
primary,ibm_torino,multiple,contrast_0.8,28,1,1.0,0.0,26.0,0.03571428571428571,1.0,0.037037037037037035
primary,ibm_torino,multiple,rank_0.05,28,10,9.0,1.0,18.0,0.35714285714285715,0.9,0.3333333333333333
primary,ibm_torino,multiple,rank_0.01,28,9,8.0,1.0,19.0,0.32142857142857145,0.8888888888888888,0.2962962962962963
primary,ibm_torino,multiple,contrast_0.2_and_rank_0.05,28,5,5.0,0.0,22.0,0.17857142857142858,1.0,0.18518518518518517
primary,ibm_torino,multiple,gap_0.05,28,12,11.0,1.0,16.0,0.42857142857142855,0.9166666666666666,0.4074074074074074
primary,ibm_torino,singleton,inspect_all,64,64,45.0,19.0,0.0,1.0,0.703125,1.0
primary,ibm_torino,singleton,unique_mode,64,62,45.0,17.0,0.0,0.96875,0.7258064516129032,1.0
primary,ibm_torino,singleton,contrast_0.2,64,41,41.0,0.0,4.0,0.640625,1.0,0.9111111111111111
primary,ibm_torino,singleton,contrast_0.5,64,33,33.0,0.0,12.0,0.515625,1.0,0.7333333333333333
primary,ibm_torino,singleton,contrast_0.8,64,14,14.0,0.0,31.0,0.21875,1.0,0.3111111111111111
primary,ibm_torino,singleton,rank_0.05,64,41,41.0,0.0,4.0,0.640625,1.0,0.9111111111111111
primary,ibm_torino,singleton,rank_0.01,64,40,40.0,0.0,5.0,0.625,1.0,0.8888888888888888
primary,ibm_torino,singleton,contrast_0.2_and_rank_0.05,64,41,41.0,0.0,4.0,0.640625,1.0,0.9111111111111111
primary,ibm_torino,singleton,gap_0.05,64,36,36.0,0.0,9.0,0.5625,1.0,0.8
teleportation_hardware,ibm_brisbane,singleton,inspect_all,86,86,23.0,63.0,0.0,1.0,0.26744186046511625,1.0
teleportation_hardware,ibm_brisbane,singleton,unique_mode,86,86,23.0,63.0,0.0,1.0,0.26744186046511625,1.0
teleportation_hardware,ibm_brisbane,singleton,contrast_0.2,86,7,7.0,0.0,16.0,0.08139534883720931,1.0,0.30434782608695654
teleportation_hardware,ibm_brisbane,singleton,contrast_0.5,86,1,1.0,0.0,22.0,0.011627906976744186,1.0,0.043478260869565216
teleportation_hardware,ibm_brisbane,singleton,contrast_0.8,86,0,0.0,0.0,23.0,0.0,,0.0
teleportation_hardware,ibm_brisbane,singleton,rank_0.05,86,40,18.0,22.0,5.0,0.46511627906976744,0.45,0.782608695652174
teleportation_hardware,ibm_brisbane,singleton,rank_0.01,86,30,15.0,15.0,8.0,0.3488372093023256,0.5,0.6521739130434783
teleportation_hardware,ibm_brisbane,singleton,contrast_0.2_and_rank_0.05,86,7,7.0,0.0,16.0,0.08139534883720931,1.0,0.30434782608695654
teleportation_hardware,ibm_brisbane,singleton,gap_0.05,86,20,14.0,6.0,9.0,0.23255813953488372,0.7,0.6086956521739131
teleportation_hardware,ibm_kyiv,singleton,inspect_all,92,92,20.0,72.0,0.0,1.0,0.21739130434782608,1.0
teleportation_hardware,ibm_kyiv,singleton,unique_mode,92,91,20.0,71.0,0.0,0.9891304347826086,0.21978021978021978,1.0
teleportation_hardware,ibm_kyiv,singleton,contrast_0.2,92,3,3.0,0.0,17.0,0.03260869565217391,1.0,0.15
teleportation_hardware,ibm_kyiv,singleton,contrast_0.5,92,0,0.0,0.0,20.0,0.0,,0.0
teleportation_hardware,ibm_kyiv,singleton,contrast_0.8,92,0,0.0,0.0,20.0,0.0,,0.0
teleportation_hardware,ibm_kyiv,singleton,rank_0.05,92,22,10.0,12.0,10.0,0.2391304347826087,0.45454545454545453,0.5
teleportation_hardware,ibm_kyiv,singleton,rank_0.01,92,16,8.0,8.0,12.0,0.17391304347826086,0.5,0.4
teleportation_hardware,ibm_kyiv,singleton,contrast_0.2_and_rank_0.05,92,3,3.0,0.0,17.0,0.03260869565217391,1.0,0.15
teleportation_hardware,ibm_kyiv,singleton,gap_0.05,92,12,5.0,7.0,15.0,0.13043478260869565,0.4166666666666667,0.25
teleportation_hardware,ibm_sherbrooke,singleton,inspect_all,498,498,178.0,320.0,0.0,1.0,0.357429718875502,1.0
teleportation_hardware,ibm_sherbrooke,singleton,unique_mode,498,495,178.0,317.0,0.0,0.9939759036144579,0.3595959595959596,1.0
teleportation_hardware,ibm_sherbrooke,singleton,contrast_0.2,498,168,107.0,61.0,71.0,0.3373493975903614,0.6369047619047619,0.601123595505618
teleportation_hardware,ibm_sherbrooke,singleton,contrast_0.5,498,6,6.0,0.0,172.0,0.012048192771084338,1.0,0.033707865168539325
teleportation_hardware,ibm_sherbrooke,singleton,contrast_0.8,498,0,0.0,0.0,178.0,0.0,,0.0
teleportation_hardware,ibm_sherbrooke,singleton,rank_0.05,498,309,158.0,151.0,20.0,0.6204819277108434,0.511326860841424,0.8876404494382022
teleportation_hardware,ibm_sherbrooke,singleton,rank_0.01,498,293,156.0,137.0,22.0,0.5883534136546185,0.5324232081911263,0.8764044943820225
teleportation_hardware,ibm_sherbrooke,singleton,contrast_0.2_and_rank_0.05,498,168,107.0,61.0,71.0,0.3373493975903614,0.6369047619047619,0.601123595505618
teleportation_hardware,ibm_sherbrooke,singleton,gap_0.05,498,234,147.0,87.0,31.0,0.46987951807228917,0.6282051282051282,0.8258426966292135
teleportation_hardware,rigetti_ankaa_3,singleton,inspect_all,44,44,25.833333333333332,18.166666666666668,0.0,1.0,0.587121212121212,1.0
teleportation_hardware,rigetti_ankaa_3,singleton,unique_mode,44,34,22.0,12.0,3.833333333333332,0.7727272727272727,0.6470588235294118,0.8516129032258065
teleportation_hardware,rigetti_ankaa_3,singleton,contrast_0.2,44,22,16.0,6.0,9.833333333333332,0.5,0.7272727272727273,0.6193548387096774
teleportation_hardware,rigetti_ankaa_3,singleton,contrast_0.5,44,5,5.0,0.0,20.833333333333332,0.11363636363636363,1.0,0.19354838709677422
teleportation_hardware,rigetti_ankaa_3,singleton,contrast_0.8,44,2,2.0,0.0,23.833333333333332,0.045454545454545456,1.0,0.07741935483870968
teleportation_hardware,rigetti_ankaa_3,singleton,rank_0.05,44,2,2.0,0.0,23.833333333333332,0.045454545454545456,1.0,0.07741935483870968
teleportation_hardware,rigetti_ankaa_3,singleton,rank_0.01,44,0,0.0,0.0,25.833333333333332,0.0,,0.0
teleportation_hardware,rigetti_ankaa_3,singleton,contrast_0.2_and_rank_0.05,44,2,2.0,0.0,23.833333333333332,0.045454545454545456,1.0,0.07741935483870968
teleportation_hardware,rigetti_ankaa_3,singleton,gap_0.05,44,34,22.0,12.0,3.833333333333332,0.7727272727272727,0.6470588235294118,0.8516129032258065
teleportation_hardware,,singleton,inspect_all,72,72,29.0,43.0,0.0,1.0,0.4027777777777778,1.0
teleportation_hardware,,singleton,unique_mode,72,51,25.0,26.0,4.0,0.7083333333333334,0.49019607843137253,0.8620689655172413
teleportation_hardware,,singleton,contrast_0.2,72,41,22.0,19.0,7.0,0.5694444444444444,0.5365853658536586,0.7586206896551724
teleportation_hardware,,singleton,contrast_0.5,72,17,13.0,4.0,16.0,0.2361111111111111,0.7647058823529411,0.4482758620689655
teleportation_hardware,,singleton,contrast_0.8,72,7,7.0,0.0,22.0,0.09722222222222222,1.0,0.2413793103448276
teleportation_hardware,,singleton,rank_0.05,72,7,7.0,0.0,22.0,0.09722222222222222,1.0,0.2413793103448276
teleportation_hardware,,singleton,rank_0.01,72,3,3.0,0.0,26.0,0.041666666666666664,1.0,0.10344827586206896
teleportation_hardware,,singleton,contrast_0.2_and_rank_0.05,72,7,7.0,0.0,22.0,0.09722222222222222,1.0,0.2413793103448276
teleportation_hardware,,singleton,gap_0.05,72,51,25.0,26.0,4.0,0.7083333333333334,0.49019607843137253,0.8620689655172413
teleportation_simulator,rigetti_ankaa_3,singleton,inspect_all,4,4,4.0,0.0,0.0,1.0,1.0,1.0
teleportation_simulator,rigetti_ankaa_3,singleton,unique_mode,4,4,4.0,0.0,0.0,1.0,1.0,1.0
teleportation_simulator,rigetti_ankaa_3,singleton,contrast_0.2,4,4,4.0,0.0,0.0,1.0,1.0,1.0
teleportation_simulator,rigetti_ankaa_3,singleton,contrast_0.5,4,4,4.0,0.0,0.0,1.0,1.0,1.0
teleportation_simulator,rigetti_ankaa_3,singleton,contrast_0.8,4,4,4.0,0.0,0.0,1.0,1.0,1.0
teleportation_simulator,rigetti_ankaa_3,singleton,rank_0.05,4,4,4.0,0.0,0.0,1.0,1.0,1.0
teleportation_simulator,rigetti_ankaa_3,singleton,rank_0.01,4,4,4.0,0.0,0.0,1.0,1.0,1.0
teleportation_simulator,rigetti_ankaa_3,singleton,contrast_0.2_and_rank_0.05,4,4,4.0,0.0,0.0,1.0,1.0,1.0
teleportation_simulator,rigetti_ankaa_3,singleton,gap_0.05,4,4,4.0,0.0,0.0,1.0,1.0,1.0
