dataset,encoding,preprocessing,fold,seed,n_qubits,train_accuracy,test_accuracy,f1_macro,convergence_iters,final_loss,generalization_gap,wall_time_seconds,circuit_depth,gate_count,cx_count,svm_rbf_acc,svm_rbf_f1,random_forest_acc,random_forest_f1,logistic_regression_acc,logistic_regression_f1,expressibility,entanglement_mw,kernel_alignment
iris,angle_ry,none,0,42,4,0.9,0.5667,0.4967,1,1.112453,0.3333,1.63,17.0,54.0,6.0,1.0,1.0,0.9666666666666667,0.9665831244778613,1.0,1.0,0.624905,-0.0,0.947
iris,angle_ry,none,1,43,4,0.8,0.3667,0.2315,6,1.227505,0.4333,1.61,,,,0.9666666666666667,0.9665831244778613,0.9666666666666667,0.9665831244778613,0.9666666666666667,0.9665831244778613,0.624905,-0.0,0.947
iris,angle_ry,none,2,44,4,0.88,0.7667,0.7511,28,0.467419,0.1133,1.89,,,,0.9333333333333333,0.9326599326599326,0.9333333333333333,0.9326599326599326,0.9333333333333333,0.9326599326599326,0.624905,-0.0,0.947
iris,angle_ry,none,3,45,4,0.92,1.0,1.0,16,0.614026,-0.08,1.88,,,,1.0,1.0,0.9666666666666667,0.9665831244778613,1.0,1.0,0.624905,-0.0,0.947
iris,angle_ry,none,4,46,4,0.9,0.4667,0.4444,3,1.093082,0.4333,1.57,,,,0.9333333333333333,0.9333333333333332,0.9,0.899749373433584,0.9333333333333333,0.9333333333333332,0.624905,-0.0,0.947
iris,angle_ry,minmax_pi,0,42,4,0.8,0.5333,0.4824,14,0.817716,0.2667,1.51,17.0,54.0,6.0,1.0,1.0,0.9666666666666667,0.9665831244778613,1.0,1.0,0.624905,0.0,0.8846
iris,angle_ry,minmax_pi,1,43,4,0.86,0.8,0.7908,5,0.642384,0.06,1.63,,,,0.9666666666666667,0.9665831244778613,0.9666666666666667,0.9665831244778613,0.9666666666666667,0.9665831244778613,0.624905,0.0,0.8846
iris,angle_ry,minmax_pi,2,44,4,0.8,0.5333,0.5139,11,0.954031,0.2667,1.57,,,,0.9,0.899749373433584,0.9333333333333333,0.9326599326599326,0.9,0.899749373433584,0.624905,0.0,0.8846
iris,angle_ry,minmax_pi,3,45,4,0.16,0.1667,0.1604,6,1.363901,-0.0067,1.54,,,,1.0,1.0,0.9666666666666667,0.9665831244778613,1.0,1.0,0.624905,0.0,0.8846
iris,angle_ry,minmax_pi,4,46,4,0.34,0.0667,0.0417,1,1.184913,0.2733,1.53,,,,0.9,0.899749373433584,0.9,0.899749373433584,0.9,0.899749373433584,0.624905,0.0,0.8846
iris,angle_ry,zscore_sigmoid,0,42,4,0.96,0.7,0.6943,14,0.780882,0.26,1.77,17.0,54.0,6.0,1.0,1.0,1.0,1.0,1.0,1.0,0.624905,-0.0,0.914
iris,angle_ry,zscore_sigmoid,1,43,4,0.86,0.6333,0.5244,1,0.868521,0.2267,1.68,,,,0.9666666666666667,0.9665831244778613,0.9666666666666667,0.9665831244778613,0.9666666666666667,0.9665831244778613,0.624905,-0.0,0.914
iris,angle_ry,zscore_sigmoid,2,44,4,0.86,0.5667,0.5486,19,0.874594,0.2933,2.13,,,,0.9,0.899749373433584,0.9333333333333333,0.9326599326599326,0.9,0.899749373433584,0.624905,-0.0,0.914
iris,angle_ry,zscore_sigmoid,3,45,4,0.1,0.1667,0.1389,2,1.371671,-0.0667,1.63,,,,1.0,1.0,0.9666666666666667,0.9665831244778613,1.0,1.0,0.624905,-0.0,0.914
iris,angle_ry,zscore_sigmoid,4,46,4,0.42,0.0333,0.0215,1,1.186646,0.3867,1.58,,,,0.9,0.899749373433584,0.9,0.899749373433584,0.9,0.899749373433584,0.624905,-0.0,0.914
iris,angle_ry,pca_minmax,0,42,4,0.22,0.4333,0.3499,21,0.849543,-0.2133,2.05,17.0,54.0,6.0,1.0,1.0,1.0,1.0,0.9666666666666667,0.9665831244778612,0.624905,-0.0,0.6564
iris,angle_ry,pca_minmax,1,43,4,1.0,0.7333,0.6825,22,0.601923,0.2667,1.72,,,,0.9666666666666667,0.9665831244778613,0.9666666666666667,0.9665831244778613,0.9666666666666667,0.9665831244778613,0.624905,-0.0,0.6564
iris,angle_ry,pca_minmax,2,44,4,0.02,0.2667,0.2173,1,1.644105,-0.2467,1.76,,,,0.9,0.899749373433584,0.9,0.8976982097186701,0.8666666666666667,0.8653198653198654,0.624905,-0.0,0.6564
iris,angle_ry,pca_minmax,3,45,4,0.6,0.4667,0.4378,12,0.867822,0.1333,1.7,,,,1.0,1.0,1.0,1.0,0.9666666666666667,0.9665831244778612,0.624905,-0.0,0.6564
iris,angle_ry,pca_minmax,4,46,4,0.78,0.4333,0.3431,1,1.138881,0.3467,1.84,,,,0.9666666666666667,0.9665831244778613,0.9333333333333333,0.9333333333333332,0.9,0.899749373433584,0.624905,-0.0,0.6564
iris,iqp_full,none,0,42,4,0.64,0.6,0.5625,2,1.107658,0.04,2.38,34.0,80.0,18.0,1.0,1.0,0.9666666666666667,0.9665831244778613,1.0,1.0,0.018029,0.9259,-0.8012
iris,iqp_full,none,1,43,4,0.42,0.3333,0.3238,5,1.102079,0.0867,2.0,,,,0.9666666666666667,0.9665831244778613,0.9666666666666667,0.9665831244778613,0.9666666666666667,0.9665831244778613,0.018029,0.9259,-0.8012
iris,iqp_full,none,2,44,4,0.5,0.4333,0.4175,1,1.322037,0.0667,2.13,,,,0.9333333333333333,0.9326599326599326,0.9333333333333333,0.9326599326599326,0.9333333333333333,0.9326599326599326,0.018029,0.9259,-0.8012
iris,iqp_full,none,3,45,4,0.16,0.3333,0.3381,5,1.130883,-0.1733,2.19,,,,1.0,1.0,0.9666666666666667,0.9665831244778613,1.0,1.0,0.018029,0.9259,-0.8012
iris,iqp_full,none,4,46,4,0.48,0.4333,0.3908,1,1.227521,0.0467,2.13,,,,0.9333333333333333,0.9333333333333332,0.9,0.899749373433584,0.9333333333333333,0.9333333333333332,0.018029,0.9259,-0.8012
iris,iqp_full,minmax_pi,0,42,4,0.38,0.3667,0.3407,9,1.059132,0.0133,2.1,34.0,80.0,18.0,1.0,1.0,0.9666666666666667,0.9665831244778613,1.0,1.0,0.018029,0.6966,-0.6124
iris,iqp_full,minmax_pi,1,43,4,0.76,0.5333,0.5251,1,0.985861,0.2267,2.09,,,,0.9666666666666667,0.9665831244778613,0.9666666666666667,0.9665831244778613,0.9666666666666667,0.9665831244778613,0.018029,0.6966,-0.6124
iris,iqp_full,minmax_pi,2,44,4,0.4,0.3333,0.324,2,1.083418,0.0667,1.88,,,,0.9,0.899749373433584,0.9333333333333333,0.9326599326599326,0.9,0.899749373433584,0.018029,0.6966,-0.6124
iris,iqp_full,minmax_pi,3,45,4,0.66,0.3667,0.3155,2,1.203382,0.2933,2.01,,,,1.0,1.0,0.9666666666666667,0.9665831244778613,1.0,1.0,0.018029,0.6966,-0.6124
iris,iqp_full,minmax_pi,4,46,4,0.28,0.4333,0.4134,1,1.280658,-0.1533,2.03,,,,0.9,0.899749373433584,0.9,0.899749373433584,0.9,0.899749373433584,0.018029,0.6966,-0.6124
iris,iqp_full,zscore_sigmoid,0,42,4,0.3,0.0667,0.0476,1,1.337009,0.2333,2.02,34.0,80.0,18.0,1.0,1.0,1.0,1.0,1.0,1.0,0.018029,0.9492,-0.6185
iris,iqp_full,zscore_sigmoid,1,43,4,0.34,0.3333,0.2733,1,1.146943,0.0067,1.98,,,,0.9666666666666667,0.9665831244778613,0.9666666666666667,0.9665831244778613,0.9666666666666667,0.9665831244778613,0.018029,0.9492,-0.6185
iris,iqp_full,zscore_sigmoid,2,44,4,0.64,0.4667,0.4583,4,0.904763,0.1733,2.01,,,,0.9,0.899749373433584,0.9333333333333333,0.9326599326599326,0.9,0.899749373433584,0.018029,0.9492,-0.6185
iris,iqp_full,zscore_sigmoid,3,45,4,0.52,0.4,0.402,1,1.28262,0.12,1.91,,,,1.0,1.0,0.9666666666666667,0.9665831244778613,1.0,1.0,0.018029,0.9492,-0.6185
iris,iqp_full,zscore_sigmoid,4,46,4,0.3,0.4667,0.4797,6,1.112723,-0.1667,2.1,,,,0.9,0.899749373433584,0.9,0.899749373433584,0.9,0.899749373433584,0.018029,0.9492,-0.6185
iris,iqp_full,pca_minmax,0,42,4,0.46,0.4,0.375,13,1.070837,0.06,2.44,34.0,80.0,18.0,1.0,1.0,1.0,1.0,0.9666666666666667,0.9665831244778612,0.018029,0.9269,-0.8697
iris,iqp_full,pca_minmax,1,43,4,0.28,0.4,0.4005,3,1.092519,-0.12,1.92,,,,0.9666666666666667,0.9665831244778613,0.9666666666666667,0.9665831244778613,0.9666666666666667,0.9665831244778613,0.018029,0.9269,-0.8697
iris,iqp_full,pca_minmax,2,44,4,0.5,0.5667,0.5714,2,1.085945,-0.0667,1.91,,,,0.9,0.899749373433584,0.9,0.8976982097186701,0.8666666666666667,0.8653198653198654,0.018029,0.9269,-0.8697
iris,iqp_full,pca_minmax,3,45,4,0.54,0.5333,0.5191,1,1.185235,0.0067,2.01,,,,1.0,1.0,1.0,1.0,0.9666666666666667,0.9665831244778612,0.018029,0.9269,-0.8697
iris,iqp_full,pca_minmax,4,46,4,0.28,0.2667,0.2552,1,1.323826,0.0133,2.18,,,,0.9666666666666667,0.9665831244778613,0.9333333333333333,0.9333333333333332,0.9,0.899749373433584,0.018029,0.9269,-0.8697
iris,reuploading,none,0,42,4,0.08,0.0333,0.0351,6,1.458906,0.0467,1.85,26.0,76.0,12.0,1.0,1.0,0.9666666666666667,0.9665831244778613,1.0,1.0,0.564836,0.8906,0.9252
iris,reuploading,none,1,43,4,0.56,0.7,0.7021,14,0.725473,-0.14,2.32,,,,0.9666666666666667,0.9665831244778613,0.9666666666666667,0.9665831244778613,0.9666666666666667,0.9665831244778613,0.564836,0.8906,0.9252
iris,reuploading,none,2,44,4,0.18,0.2333,0.1642,1,1.43978,-0.0533,1.95,,,,0.9333333333333333,0.9326599326599326,0.9333333333333333,0.9326599326599326,0.9333333333333333,0.9326599326599326,0.564836,0.8906,0.9252
iris,reuploading,none,3,45,4,0.9,0.5,0.3918,1,0.933389,0.4,1.91,,,,1.0,1.0,0.9666666666666667,0.9665831244778613,1.0,1.0,0.564836,0.8906,0.9252
iris,reuploading,none,4,46,4,0.86,0.6333,0.6134,5,0.914285,0.2267,2.03,,,,0.9333333333333333,0.9333333333333332,0.9,0.899749373433584,0.9333333333333333,0.9333333333333332,0.564836,0.8906,0.9252
iris,reuploading,minmax_pi,0,42,4,0.8,0.5667,0.4676,3,1.277158,0.2333,1.76,26.0,76.0,12.0,1.0,1.0,0.9666666666666667,0.9665831244778613,1.0,1.0,0.564836,0.6943,0.341
iris,reuploading,minmax_pi,1,43,4,0.1,0.1,0.125,12,1.143228,0.0,1.84,,,,0.9666666666666667,0.9665831244778613,0.9666666666666667,0.9665831244778613,0.9666666666666667,0.9665831244778613,0.564836,0.6943,0.341
iris,reuploading,minmax_pi,2,44,4,0.82,0.5667,0.4607,9,1.182033,0.2533,2.12,,,,0.9,0.899749373433584,0.9333333333333333,0.9326599326599326,0.9,0.899749373433584,0.564836,0.6943,0.341
iris,reuploading,minmax_pi,3,45,4,0.94,0.6333,0.5299,19,0.677598,0.3067,2.35,,,,1.0,1.0,0.9666666666666667,0.9665831244778613,1.0,1.0,0.564836,0.6943,0.341
iris,reuploading,minmax_pi,4,46,4,0.78,0.4,0.2865,1,1.212081,0.38,1.95,,,,0.9,0.899749373433584,0.9,0.899749373433584,0.9,0.899749373433584,0.564836,0.6943,0.341
iris,reuploading,zscore_sigmoid,0,42,4,0.88,0.8667,0.8644,14,0.795511,0.0133,2.27,26.0,76.0,12.0,1.0,1.0,1.0,1.0,1.0,1.0,0.564836,0.4414,0.3697
iris,reuploading,zscore_sigmoid,1,43,4,0.52,0.4333,0.3972,7,1.195021,0.0867,1.98,,,,0.9666666666666667,0.9665831244778613,0.9666666666666667,0.9665831244778613,0.9666666666666667,0.9665831244778613,0.564836,0.4414,0.3697
iris,reuploading,zscore_sigmoid,2,44,4,0.8,0.6667,0.5333,9,0.836746,0.1333,2.27,,,,0.9,0.899749373433584,0.9333333333333333,0.9326599326599326,0.9,0.899749373433584,0.564836,0.4414,0.3697
iris,reuploading,zscore_sigmoid,3,45,4,0.98,0.8,0.7746,23,0.699471,0.18,2.47,,,,1.0,1.0,0.9666666666666667,0.9665831244778613,1.0,1.0,0.564836,0.4414,0.3697
iris,reuploading,zscore_sigmoid,4,46,4,0.78,0.3333,0.1667,1,1.418103,0.4467,2.09,,,,0.9,0.899749373433584,0.9,0.899749373433584,0.9,0.899749373433584,0.564836,0.4414,0.3697
iris,reuploading,pca_minmax,0,42,4,0.66,0.2667,0.2101,3,1.273829,0.3933,1.99,26.0,76.0,12.0,1.0,1.0,1.0,1.0,0.9666666666666667,0.9665831244778612,0.564836,0.1007,-0.2333
iris,reuploading,pca_minmax,1,43,4,0.64,0.3,0.2129,2,1.26049,0.34,1.83,,,,0.9666666666666667,0.9665831244778613,0.9666666666666667,0.9665831244778613,0.9666666666666667,0.9665831244778613,0.564836,0.1007,-0.2333
iris,reuploading,pca_minmax,2,44,4,0.68,0.4333,0.3619,1,1.37228,0.2467,2.0,,,,0.9,0.899749373433584,0.9,0.8976982097186701,0.8666666666666667,0.8653198653198654,0.564836,0.1007,-0.2333
iris,reuploading,pca_minmax,3,45,4,0.62,0.6333,0.638,6,0.93042,-0.0133,2.24,,,,1.0,1.0,1.0,1.0,0.9666666666666667,0.9665831244778612,0.564836,0.1007,-0.2333
iris,reuploading,pca_minmax,4,46,4,0.78,0.4333,0.3852,1,1.415043,0.3467,1.83,,,,0.9666666666666667,0.9665831244778613,0.9333333333333333,0.9333333333333332,0.9,0.899749373433584,0.564836,0.1007,-0.2333
iris,amplitude,minmax_pi,0,42,2,0.84,0.6,0.5604,7,0.674317,0.24,2.34,19.0,33.0,3.0,1.0,1.0,0.9666666666666667,0.9665831244778613,1.0,1.0,,,
iris,amplitude,minmax_pi,1,43,2,0.78,0.6667,0.5556,1,0.715612,0.1133,2.19,,,,0.9666666666666667,0.9665831244778613,0.9666666666666667,0.9665831244778613,0.9666666666666667,0.9665831244778613,,,
iris,amplitude,minmax_pi,2,44,2,0.86,0.7,0.6105,8,0.819659,0.16,2.56,,,,0.9,0.899749373433584,0.9333333333333333,0.9326599326599326,0.9,0.899749373433584,,,
iris,amplitude,minmax_pi,3,45,2,0.8,0.6,0.4935,4,0.994691,0.2,2.05,,,,1.0,1.0,0.9666666666666667,0.9665831244778613,1.0,1.0,,,
iris,amplitude,minmax_pi,4,46,2,0.8,0.6333,0.5173,8,0.9388,0.1667,2.37,,,,0.9,0.899749373433584,0.9,0.899749373433584,0.9,0.899749373433584,,,
iris,amplitude,zscore_sigmoid,0,42,2,0.96,0.6667,0.5556,5,0.803813,0.2933,2.18,19.0,33.0,3.0,1.0,1.0,1.0,1.0,1.0,1.0,,,
iris,amplitude,zscore_sigmoid,1,43,2,0.86,0.7333,0.707,12,0.73984,0.1267,2.14,,,,0.9666666666666667,0.9665831244778613,0.9666666666666667,0.9665831244778613,0.9666666666666667,0.9665831244778613,,,
iris,amplitude,zscore_sigmoid,2,44,2,0.88,0.3667,0.2315,8,0.966299,0.5133,2.54,,,,0.9,0.899749373433584,0.9333333333333333,0.9326599326599326,0.9,0.899749373433584,,,
iris,amplitude,zscore_sigmoid,3,45,2,0.78,0.4667,0.3629,4,0.91888,0.3133,2.11,,,,1.0,1.0,0.9666666666666667,0.9665831244778613,1.0,1.0,,,
iris,amplitude,zscore_sigmoid,4,46,2,0.78,0.5333,0.4231,8,0.893098,0.2467,2.43,,,,0.9,0.899749373433584,0.9,0.899749373433584,0.9,0.899749373433584,,,
iris,amplitude,pca_minmax,0,42,2,0.94,0.7667,0.7613,8,0.749941,0.1733,2.32,19.0,33.0,3.0,1.0,1.0,1.0,1.0,0.9666666666666667,0.9665831244778612,,,
iris,amplitude,pca_minmax,1,43,2,0.84,0.5333,0.5139,6,0.957835,0.3067,2.25,,,,0.9666666666666667,0.9665831244778613,0.9666666666666667,0.9665831244778613,0.9666666666666667,0.9665831244778613,,,
iris,amplitude,pca_minmax,2,44,2,0.7,0.7,0.6656,8,1.111824,0.0,2.34,,,,0.9,0.899749373433584,0.9,0.8976982097186701,0.8666666666666667,0.8653198653198654,,,
iris,amplitude,pca_minmax,3,45,2,0.08,0.1667,0.1872,4,1.704574,-0.0867,2.13,,,,1.0,1.0,1.0,1.0,0.9666666666666667,0.9665831244778612,,,
iris,amplitude,pca_minmax,4,46,2,0.78,0.6,0.4805,6,1.336947,0.18,2.45,,,,0.9666666666666667,0.9665831244778613,0.9333333333333333,0.9333333333333332,0.9,0.899749373433584,,,
wine,angle_ry,none,0,42,8,0.6,0.5556,0.5496,3,1.014371,0.0444,5.1,21.0,110.0,14.0,0.6666666666666666,0.5192239858906526,0.9444444444444444,0.9440559440559441,0.9444444444444444,0.945824706694272,0.297916,0.0,-0.7539
wine,angle_ry,none,1,43,8,0.14,0.3056,0.3083,8,1.142513,-0.1656,5.75,,,,0.5277777777777778,0.40705467372134035,0.9722222222222222,0.9717813051146384,0.8888888888888888,0.8968253968253969,0.297916,0.0,-0.7539
wine,angle_ry,none,2,44,8,0.3,0.3889,0.3511,1,1.096674,-0.0889,5.15,,,,0.4444444444444444,0.3401801801801802,0.9166666666666666,0.9089184060721062,0.8888888888888888,0.8814814814814814,0.297916,0.0,-0.7539
wine,angle_ry,none,3,45,8,0.38,0.5429,0.55,2,1.039324,-0.1629,4.75,,,,0.6,0.4593406593406593,0.8857142857142857,0.886039886039886,0.9714285714285714,0.974320987654321,0.297916,0.0,-0.7539
wine,angle_ry,none,4,46,8,0.12,0.2571,0.2461,4,1.106643,-0.1371,5.7,,,,0.4857142857142857,0.3686868686868687,0.9714285714285714,0.9733742959549412,0.9428571428571428,0.9443609022556391,0.297916,0.0,-0.7539
wine,angle_ry,minmax_pi,0,42,8,0.04,0.25,0.2448,4,1.137743,-0.21,5.28,21.0,110.0,14.0,0.9444444444444444,0.945824706694272,0.9444444444444444,0.9440559440559441,0.9722222222222222,0.9717813051146384,0.297916,0.0,0.1423
wine,angle_ry,minmax_pi,1,43,8,0.72,0.5556,0.5141,20,1.030834,0.1644,5.59,,,,0.9722222222222222,0.974320987654321,0.9722222222222222,0.9717813051146384,0.9444444444444444,0.9487179487179488,0.297916,0.0,0.1423
wine,angle_ry,minmax_pi,2,44,8,0.42,0.4444,0.3897,4,1.135592,-0.0244,5.61,,,,0.8888888888888888,0.875,0.9166666666666666,0.9089184060721062,0.8888888888888888,0.875,0.297916,0.0,0.1423
wine,angle_ry,minmax_pi,3,45,8,0.9,0.4286,0.3554,20,1.049855,0.4714,5.39,,,,1.0,1.0,0.8857142857142857,0.886039886039886,0.9428571428571428,0.9434817813765183,0.297916,0.0,0.1423
wine,angle_ry,minmax_pi,4,46,8,0.54,0.5143,0.5005,2,1.092219,0.0257,4.94,,,,0.9714285714285714,0.9709618874773139,0.9714285714285714,0.9733742959549412,0.9714285714285714,0.9709618874773139,0.297916,0.0,0.1423
wine,angle_ry,zscore_sigmoid,0,42,8,0.4,0.4722,0.4976,1,1.112446,-0.0722,5.13,21.0,110.0,14.0,0.9444444444444444,0.945824706694272,0.9444444444444444,0.9440559440559441,0.9444444444444444,0.945824706694272,0.297916,0.0,-0.1056
wine,angle_ry,zscore_sigmoid,1,43,8,0.6,0.3611,0.3237,18,1.014166,0.2389,5.24,,,,0.9722222222222222,0.974320987654321,0.9722222222222222,0.9717813051146384,0.9444444444444444,0.9487179487179488,0.297916,0.0,-0.1056
wine,angle_ry,zscore_sigmoid,2,44,8,0.8,0.25,0.1846,1,1.265351,0.55,4.85,,,,0.9166666666666666,0.9089184060721062,0.9166666666666666,0.9089184060721062,0.8333333333333334,0.824968030690537,0.297916,0.0,-0.1056
wine,angle_ry,zscore_sigmoid,3,45,8,0.4,0.2571,0.2634,3,1.115039,0.1429,4.96,,,,1.0,1.0,0.8857142857142857,0.886039886039886,0.9714285714285714,0.9701104613385314,0.297916,0.0,-0.1056
wine,angle_ry,zscore_sigmoid,4,46,8,0.52,0.4,0.3528,12,0.985928,0.12,4.8,,,,0.9428571428571428,0.942857142857143,0.9714285714285714,0.9733742959549412,0.9714285714285714,0.9709618874773139,0.297916,0.0,-0.1056
wine,angle_ry,pca_minmax,0,42,4,0.38,0.5,0.4012,1,0.945894,-0.12,1.67,17.0,54.0,6.0,0.9166666666666666,0.915079365079365,0.9166666666666666,0.915079365079365,0.8888888888888888,0.8875661375661376,0.624905,0.0,0.5528
wine,angle_ry,pca_minmax,1,43,4,0.22,0.1667,0.1667,8,1.53158,0.0533,1.91,,,,0.9444444444444444,0.9484126984126985,0.9166666666666666,0.9186466165413534,0.9444444444444444,0.9484126984126985,0.624905,0.0,0.5528
wine,angle_ry,pca_minmax,2,44,4,0.6,0.6389,0.5479,14,0.86828,-0.0389,1.94,,,,0.8888888888888888,0.8897435897435897,0.8888888888888888,0.8897028897028897,0.9166666666666666,0.9162962962962963,0.624905,0.0,0.5528
wine,angle_ry,pca_minmax,3,45,4,0.08,0.2,0.1786,7,1.323916,-0.12,1.57,,,,0.9428571428571428,0.9474747474747475,0.9142857142857143,0.9151683556717881,0.9142857142857143,0.9220389805097451,0.624905,0.0,0.5528
wine,angle_ry,pca_minmax,4,46,4,0.94,0.6571,0.6254,11,0.807915,0.2829,1.7,,,,0.9428571428571428,0.9474747474747475,0.9714285714285714,0.9696394686907022,1.0,1.0,0.624905,0.0,0.5528
wine,iqp_full,pca_minmax,0,42,4,0.54,0.3611,0.3601,2,1.112283,0.1789,2.01,34.0,80.0,18.0,0.9166666666666666,0.915079365079365,0.9166666666666666,0.915079365079365,0.8888888888888888,0.8875661375661376,0.018029,0.7916,-0.8871
wine,iqp_full,pca_minmax,1,43,4,0.34,0.3056,0.2773,7,1.04066,0.0344,1.87,,,,0.9444444444444444,0.9484126984126985,0.9166666666666666,0.9186466165413534,0.9444444444444444,0.9484126984126985,0.018029,0.7916,-0.8871
wine,iqp_full,pca_minmax,2,44,4,0.44,0.2778,0.2743,4,1.052531,0.1622,2.08,,,,0.8888888888888888,0.8897435897435897,0.8888888888888888,0.8897028897028897,0.9166666666666666,0.9162962962962963,0.018029,0.7916,-0.8871
wine,iqp_full,pca_minmax,3,45,4,0.36,0.3429,0.3095,1,1.209298,0.0171,1.86,,,,0.9428571428571428,0.9474747474747475,0.9142857142857143,0.9151683556717881,0.9142857142857143,0.9220389805097451,0.018029,0.7916,-0.8871
wine,iqp_full,pca_minmax,4,46,4,0.52,0.3143,0.3141,1,1.144869,0.2057,1.9,,,,0.9428571428571428,0.9474747474747475,0.9714285714285714,0.9696394686907022,1.0,1.0,0.018029,0.7916,-0.8871
wine,reuploading,pca_minmax,0,42,4,0.86,0.3611,0.2679,6,0.987436,0.4989,1.91,26.0,76.0,12.0,0.9166666666666666,0.915079365079365,0.9166666666666666,0.915079365079365,0.8888888888888888,0.8875661375661376,0.564836,0.3451,-0.2725
wine,reuploading,pca_minmax,1,43,4,0.4,0.4722,0.4691,15,0.952283,-0.0722,2.0,,,,0.9444444444444444,0.9484126984126985,0.9166666666666666,0.9186466165413534,0.9444444444444444,0.9484126984126985,0.564836,0.3451,-0.2725
wine,reuploading,pca_minmax,2,44,4,0.92,0.3889,0.285,14,1.044073,0.5311,1.75,,,,0.8888888888888888,0.8897435897435897,0.8888888888888888,0.8897028897028897,0.9166666666666666,0.9162962962962963,0.564836,0.3451,-0.2725
wine,reuploading,pca_minmax,3,45,4,0.7,0.6571,0.6565,15,0.827476,0.0429,2.32,,,,0.9428571428571428,0.9474747474747475,0.9142857142857143,0.9151683556717881,0.9142857142857143,0.9220389805097451,0.564836,0.3451,-0.2725
wine,reuploading,pca_minmax,4,46,4,0.88,0.3714,0.2573,1,1.347781,0.5086,2.1,,,,0.9428571428571428,0.9474747474747475,0.9714285714285714,0.9696394686907022,1.0,1.0,0.564836,0.3451,-0.2725
wine,amplitude,minmax_pi,0,42,3,0.94,0.6944,0.6915,13,0.735741,0.2456,5.1,30.0,59.0,8.0,0.9444444444444444,0.945824706694272,0.9444444444444444,0.9440559440559441,0.9722222222222222,0.9717813051146384,,,
wine,amplitude,minmax_pi,1,43,3,0.94,0.3333,0.1667,1,2.535757,0.6067,5.05,,,,0.9722222222222222,0.974320987654321,0.9722222222222222,0.9717813051146384,0.9444444444444444,0.9487179487179488,,,
wine,amplitude,minmax_pi,2,44,3,0.74,0.3056,0.2241,2,1.625357,0.4344,4.48,,,,0.8888888888888888,0.875,0.9166666666666666,0.9089184060721062,0.8888888888888888,0.875,,,
wine,amplitude,minmax_pi,3,45,3,0.92,0.6,0.5433,3,0.98739,0.32,4.49,,,,1.0,1.0,0.8857142857142857,0.886039886039886,0.9428571428571428,0.9434817813765183,,,
wine,amplitude,minmax_pi,4,46,3,0.76,0.6286,0.528,11,0.95216,0.1314,5.58,,,,0.9714285714285714,0.9709618874773139,0.9714285714285714,0.9733742959549412,0.9714285714285714,0.9709618874773139,,,
wine,amplitude,zscore_sigmoid,0,42,3,0.4,0.0833,0.0815,4,1.603384,0.3167,4.93,30.0,59.0,8.0,0.9444444444444444,0.945824706694272,0.9444444444444444,0.9440559440559441,0.9444444444444444,0.945824706694272,,,
wine,amplitude,zscore_sigmoid,1,43,3,0.94,0.3333,0.1778,12,1.38603,0.6067,5.37,,,,0.9722222222222222,0.974320987654321,0.9722222222222222,0.9717813051146384,0.9444444444444444,0.9487179487179488,,,
wine,amplitude,zscore_sigmoid,2,44,3,0.94,0.3333,0.1667,2,1.942613,0.6067,4.51,,,,0.9166666666666666,0.9089184060721062,0.9166666666666666,0.9089184060721062,0.8333333333333334,0.824968030690537,,,
wine,amplitude,zscore_sigmoid,3,45,3,0.08,0.5714,0.4957,3,0.987934,-0.4914,4.8,,,,1.0,1.0,0.8857142857142857,0.886039886039886,0.9714285714285714,0.9701104613385314,,,
wine,amplitude,zscore_sigmoid,4,46,3,0.94,0.4286,0.315,4,1.099097,0.5114,5.47,,,,0.9428571428571428,0.942857142857143,0.9714285714285714,0.9733742959549412,0.9714285714285714,0.9709618874773139,,,
wine,amplitude,pca_minmax,0,42,2,0.7,0.4167,0.423,8,1.222117,0.2833,2.57,19.0,32.0,3.0,0.9166666666666666,0.915079365079365,0.9166666666666666,0.915079365079365,0.8888888888888888,0.8875661375661376,,,
wine,amplitude,pca_minmax,1,43,2,0.32,0.4444,0.3134,10,0.857722,-0.1244,2.9,,,,0.9444444444444444,0.9484126984126985,0.9166666666666666,0.9186466165413534,0.9444444444444444,0.9484126984126985,,,
wine,amplitude,pca_minmax,2,44,2,0.7,0.4722,0.4024,8,1.03892,0.2278,2.39,,,,0.8888888888888888,0.8897435897435897,0.8888888888888888,0.8897028897028897,0.9166666666666666,0.9162962962962963,,,
wine,amplitude,pca_minmax,3,45,2,0.88,0.6,0.5669,1,1.335749,0.28,2.38,,,,0.9428571428571428,0.9474747474747475,0.9142857142857143,0.9151683556717881,0.9142857142857143,0.9220389805097451,,,
wine,amplitude,pca_minmax,4,46,2,0.4,0.2286,0.1887,8,1.080894,0.1714,2.63,,,,0.9428571428571428,0.9474747474747475,0.9714285714285714,0.9696394686907022,1.0,1.0,,,
breast_cancer,angle_ry,pca_minmax,0,42,4,0.28,0.6316,0.4086,29,0.449678,-0.3516,1.76,17.0,54.0,6.0,0.956140350877193,0.9539245008487591,0.9473684210526315,0.9444805194805195,0.956140350877193,0.9539245008487591,0.624905,-0.0,0.0013
breast_cancer,angle_ry,pca_minmax,1,43,4,0.24,0.6228,0.3838,1,1.349166,-0.3828,1.64,,,,0.9210526315789473,0.912836632401665,0.9385964912280702,0.9343480049362403,0.9122807017543859,0.9025641025641026,0.624905,-0.0,0.0013
breast_cancer,angle_ry,pca_minmax,2,44,4,0.38,0.7193,0.6014,2,0.611217,-0.3393,1.58,,,,0.9473684210526315,0.9422297297297297,0.956140350877193,0.951575906889814,0.9385964912280702,0.9322062696457395,0.624905,-0.0,0.0013
breast_cancer,angle_ry,pca_minmax,3,45,4,0.24,0.6316,0.3871,2,0.773832,-0.3916,1.66,,,,0.9736842105263158,0.9718634306869601,0.9649122807017544,0.9626596790042581,0.9649122807017544,0.9623015873015872,0.624905,-0.0,0.0013
breast_cancer,angle_ry,pca_minmax,4,46,4,0.26,0.6283,0.5015,10,0.800071,-0.3683,1.77,,,,0.9557522123893806,0.9513476276586583,0.9646017699115044,0.9613013698630137,0.9557522123893806,0.9513476276586583,0.624905,-0.0,0.0013
breast_cancer,iqp_full,pca_minmax,0,42,4,0.62,0.7895,0.7632,3,0.586425,-0.1695,1.92,34.0,80.0,18.0,0.956140350877193,0.9539245008487591,0.9473684210526315,0.9444805194805195,0.956140350877193,0.9539245008487591,0.018029,0.8825,-0.5437
breast_cancer,iqp_full,pca_minmax,1,43,4,0.58,0.3947,0.3464,6,0.756488,0.1853,2.12,,,,0.9210526315789473,0.912836632401665,0.9385964912280702,0.9343480049362403,0.9122807017543859,0.9025641025641026,0.018029,0.8825,-0.5437
breast_cancer,iqp_full,pca_minmax,2,44,4,0.58,0.4912,0.4751,5,0.675089,0.0888,2.02,,,,0.9473684210526315,0.9422297297297297,0.956140350877193,0.951575906889814,0.9385964912280702,0.9322062696457395,0.018029,0.8825,-0.5437
breast_cancer,iqp_full,pca_minmax,3,45,4,0.44,0.6228,0.6096,4,0.663401,-0.1828,2.08,,,,0.9736842105263158,0.9718634306869601,0.9649122807017544,0.9626596790042581,0.9649122807017544,0.9623015873015872,0.018029,0.8825,-0.5437
breast_cancer,iqp_full,pca_minmax,4,46,4,0.46,0.4602,0.4595,1,1.048892,-0.0002,1.97,,,,0.9557522123893806,0.9513476276586583,0.9646017699115044,0.9613013698630137,0.9557522123893806,0.9513476276586583,0.018029,0.8825,-0.5437
breast_cancer,reuploading,pca_minmax,0,42,4,0.62,0.8596,0.8351,5,0.364911,-0.2396,2.3,26.0,76.0,12.0,0.956140350877193,0.9539245008487591,0.9473684210526315,0.9444805194805195,0.956140350877193,0.9539245008487591,0.564836,0.4206,-0.2918
breast_cancer,reuploading,pca_minmax,1,43,4,0.24,0.6316,0.4086,1,0.644406,-0.3916,1.85,,,,0.9210526315789473,0.912836632401665,0.9385964912280702,0.9343480049362403,0.9122807017543859,0.9025641025641026,0.564836,0.4206,-0.2918
breast_cancer,reuploading,pca_minmax,2,44,4,0.76,0.8596,0.8421,13,0.517519,-0.0996,2.55,,,,0.9473684210526315,0.9422297297297297,0.956140350877193,0.951575906889814,0.9385964912280702,0.9322062696457395,0.564836,0.4206,-0.2918
breast_cancer,reuploading,pca_minmax,3,45,4,0.22,0.307,0.3027,5,0.811144,-0.087,2.04,,,,0.9736842105263158,0.9718634306869601,0.9649122807017544,0.9626596790042581,0.9649122807017544,0.9623015873015872,0.564836,0.4206,-0.2918
breast_cancer,reuploading,pca_minmax,4,46,4,0.38,0.6991,0.5634,8,0.494514,-0.3191,1.97,,,,0.9557522123893806,0.9513476276586583,0.9646017699115044,0.9613013698630137,0.9557522123893806,0.9513476276586583,0.564836,0.4206,-0.2918
breast_cancer,amplitude,minmax_pi,0,42,3,0.2,0.5965,0.3736,13,0.596355,-0.3965,4.67,31.0,59.0,8.0,0.9649122807017544,0.9626596790042581,0.9473684210526315,0.9449275362318841,0.9473684210526315,0.9444805194805195,,,
breast_cancer,amplitude,minmax_pi,1,43,3,0.46,0.7018,0.6234,11,0.554482,-0.2418,5.15,,,,0.9298245614035088,0.9220512820512821,0.9385964912280702,0.9329805996472662,0.9122807017543859,0.9037162162162162,,,
breast_cancer,amplitude,minmax_pi,2,44,3,0.8,0.4649,0.4222,3,0.88616,0.3351,4.98,,,,0.9210526315789473,0.9117571170551303,0.9385964912280702,0.9322062696457395,0.9298245614035088,0.9210526315789473,,,
breast_cancer,amplitude,minmax_pi,3,45,3,0.26,0.6491,0.4553,7,0.58875,-0.3891,4.53,,,,0.9298245614035088,0.9259740259740259,0.9122807017543859,0.9082125603864735,0.9298245614035088,0.9253193580085162,,,
breast_cancer,amplitude,minmax_pi,4,46,3,0.32,0.646,0.5555,5,0.572848,-0.326,4.29,,,,0.9823008849557522,0.9808604336043361,0.9734513274336283,0.9714382003538631,0.9734513274336283,0.9714382003538631,,,
breast_cancer,amplitude,zscore_sigmoid,0,42,3,0.64,0.307,0.2517,11,0.780976,0.333,4.34,31.0,59.0,8.0,0.956140350877193,0.9531057178116001,0.9473684210526315,0.9449275362318841,0.956140350877193,0.9535338713621913,,,
breast_cancer,amplitude,zscore_sigmoid,1,43,3,0.24,0.5965,0.3736,1,0.884074,-0.3565,4.64,,,,0.9298245614035088,0.9220512820512821,0.9385964912280702,0.9329805996472662,0.9385964912280702,0.9329805996472662,,,
breast_cancer,amplitude,zscore_sigmoid,2,44,3,0.76,0.3684,0.2692,2,1.043186,0.3916,4.73,,,,0.9473684210526315,0.9422297297297297,0.9473684210526315,0.9415384615384615,0.9210526315789473,0.9117571170551303,,,
breast_cancer,amplitude,zscore_sigmoid,3,45,3,0.26,0.5526,0.3732,4,0.602178,-0.2926,4.36,,,,0.9298245614035088,0.9259740259740259,0.9122807017543859,0.9082125603864735,0.9385964912280702,0.9349474199070678,,,
breast_cancer,amplitude,zscore_sigmoid,4,46,3,0.28,0.6018,0.3757,1,0.722982,-0.3218,4.46,,,,0.9823008849557522,0.9808604336043361,0.9734513274336283,0.9714382003538631,0.9734513274336283,0.9714382003538631,,,
breast_cancer,amplitude,pca_minmax,0,42,2,0.2,0.6228,0.3838,1,1.096035,-0.4228,2.41,19.0,32.0,3.0,0.956140350877193,0.9539245008487591,0.9473684210526315,0.9444805194805195,0.956140350877193,0.9539245008487591,,,
breast_cancer,amplitude,pca_minmax,1,43,2,0.76,0.3947,0.3048,8,0.83792,0.3653,2.01,,,,0.9210526315789473,0.912836632401665,0.9385964912280702,0.9343480049362403,0.9122807017543859,0.9025641025641026,,,
breast_cancer,amplitude,pca_minmax,2,44,2,0.24,0.6316,0.3871,2,0.546783,-0.3916,2.16,,,,0.9473684210526315,0.9422297297297297,0.956140350877193,0.951575906889814,0.9385964912280702,0.9322062696457395,,,
breast_cancer,amplitude,pca_minmax,3,45,2,0.66,0.3246,0.245,1,1.099055,0.3354,2.6,,,,0.9736842105263158,0.9718634306869601,0.9649122807017544,0.9626596790042581,0.9649122807017544,0.9623015873015872,,,
breast_cancer,amplitude,pca_minmax,4,46,2,0.36,0.6726,0.503,1,0.572317,-0.3126,2.36,,,,0.9557522123893806,0.9513476276586583,0.9646017699115044,0.9613013698630137,0.9557522123893806,0.9513476276586583,,,
breast_cancer,basis,pca_minmax,0,42,4,0.9,0.8333,0.8323,2,0.443072,0.0667,1.75,17.0,52.0,6.0,0.8421052631578947,0.8303571428571428,0.868421052631579,0.8606016140865738,0.8421052631578947,0.8303571428571428,,,
breast_cancer,basis,pca_minmax,1,43,4,0.94,0.8947,0.8899,15,0.394644,0.0453,1.91,,,,0.8947368421052632,0.885733377881724,0.8947368421052632,0.885733377881724,0.8947368421052632,0.885733377881724,,,
breast_cancer,basis,pca_minmax,2,44,4,0.84,0.6842,0.6807,10,0.605038,0.1558,1.54,,,,0.7894736842105263,0.7779220779220779,0.7894736842105263,0.7779220779220779,0.7807017543859649,0.7778124269119826,,,
breast_cancer,basis,pca_minmax,3,45,4,0.84,0.807,0.8009,16,0.6539,0.033,1.55,,,,0.8333333333333334,0.8200249272953885,0.8333333333333334,0.8200249272953885,0.8245614035087719,0.8095556298028734,,,
breast_cancer,basis,pca_minmax,4,46,4,0.34,0.4336,0.3808,20,0.785113,-0.0936,1.95,,,,0.9380530973451328,0.9345902588274209,0.9380530973451328,0.9345902588274209,0.9292035398230089,0.9249169435215947,,,
mnist_01,angle_ry,pca_minmax,0,42,4,0.54,0.4167,0.2941,1,0.84833,0.1233,1.84,17.0,54.0,6.0,1.0,1.0,1.0,1.0,1.0,1.0,0.624905,0.0,0.8328
mnist_01,angle_ry,pca_minmax,1,43,4,0.52,0.4722,0.3208,10,0.982485,0.0478,2.02,,,,1.0,1.0,1.0,1.0,1.0,1.0,0.624905,0.0,0.8328
mnist_01,angle_ry,pca_minmax,2,44,4,1.0,1.0,1.0,30,0.152526,0.0,2.64,,,,1.0,1.0,1.0,1.0,1.0,1.0,0.624905,0.0,0.8328
mnist_01,angle_ry,pca_minmax,3,45,4,0.46,0.5417,0.3998,2,0.87426,-0.0817,1.79,,,,1.0,1.0,0.9861111111111112,0.9860869565217392,1.0,1.0,0.624905,0.0,0.8328
mnist_01,angle_ry,pca_minmax,4,46,4,0.42,0.4167,0.4162,10,0.691836,0.0033,1.83,,,,1.0,1.0,1.0,1.0,1.0,1.0,0.624905,0.0,0.8328
mnist_01,iqp_full,pca_minmax,0,42,4,0.54,0.5972,0.5908,1,0.737046,-0.0572,1.95,34.0,80.0,18.0,1.0,1.0,1.0,1.0,1.0,1.0,0.018029,0.7988,0.1743
mnist_01,iqp_full,pca_minmax,1,43,4,0.56,0.6528,0.6323,1,0.698342,-0.0928,2.29,,,,1.0,1.0,1.0,1.0,1.0,1.0,0.018029,0.7988,0.1743
mnist_01,iqp_full,pca_minmax,2,44,4,0.62,0.4861,0.4852,4,0.673648,0.1339,1.94,,,,1.0,1.0,1.0,1.0,1.0,1.0,0.018029,0.7988,0.1743
mnist_01,iqp_full,pca_minmax,3,45,4,0.64,0.5694,0.5653,1,0.709315,0.0706,2.14,,,,1.0,1.0,0.9861111111111112,0.9860869565217392,1.0,1.0,0.018029,0.7988,0.1743
mnist_01,iqp_full,pca_minmax,4,46,4,0.6,0.5972,0.5836,3,0.671288,0.0028,2.05,,,,1.0,1.0,1.0,1.0,1.0,1.0,0.018029,0.7988,0.1743
mnist_01,reuploading,pca_minmax,0,42,4,0.74,0.7361,0.7298,25,0.546683,0.0039,2.36,26.0,76.0,12.0,1.0,1.0,1.0,1.0,1.0,1.0,0.564836,0.1801,0.4677
mnist_01,reuploading,pca_minmax,1,43,4,0.82,0.6111,0.6108,3,0.801891,0.2089,2.19,,,,1.0,1.0,1.0,1.0,1.0,1.0,0.564836,0.1801,0.4677
mnist_01,reuploading,pca_minmax,2,44,4,0.96,0.9583,0.9583,11,0.377848,0.0017,2.1,,,,1.0,1.0,1.0,1.0,1.0,1.0,0.564836,0.1801,0.4677
mnist_01,reuploading,pca_minmax,3,45,4,0.6,0.4861,0.4628,1,0.690464,0.1139,2.3,,,,1.0,1.0,0.9861111111111112,0.9860869565217392,1.0,1.0,0.564836,0.1801,0.4677
mnist_01,reuploading,pca_minmax,4,46,4,0.56,0.5694,0.4861,1,0.839395,-0.0094,1.92,,,,1.0,1.0,1.0,1.0,1.0,1.0,0.564836,0.1801,0.4677
mnist_01,amplitude,minmax_pi,0,42,3,0.46,0.5,0.3333,2,0.901867,-0.04,4.64,30.0,58.0,8.0,0.7222222222222222,0.7037037037037037,0.75,0.7482517482517483,0.6944444444444444,0.6923076923076923,,,
mnist_01,amplitude,minmax_pi,1,43,3,0.42,0.5417,0.5074,2,1.019503,-0.1217,4.73,,,,0.6805555555555556,0.6729211929685956,0.7638888888888888,0.7638433339764614,0.6527777777777778,0.6510951734832332,,,
mnist_01,amplitude,minmax_pi,2,44,3,0.52,0.5,0.3333,7,0.754949,0.02,4.6,,,,0.7083333333333334,0.6911133810010215,0.7777777777777778,0.7770897832817337,0.6944444444444444,0.6857142857142857,,,
mnist_01,amplitude,minmax_pi,3,45,3,0.7,0.7222,0.7203,3,0.67842,-0.0222,4.43,,,,0.75,0.746875,0.7638888888888888,0.7638433339764614,0.5833333333333334,0.583011583011583,,,
mnist_01,amplitude,minmax_pi,4,46,3,0.44,0.5139,0.3394,2,1.046152,-0.0739,4.54,,,,0.6666666666666666,0.6535685645549318,0.7777777777777778,0.7776061776061776,0.6805555555555556,0.6790075596045746,,,
mnist_01,amplitude,zscore_sigmoid,0,42,3,0.46,0.5139,0.3635,3,0.786105,-0.0539,4.65,31.0,59.0,8.0,0.7638888888888888,0.7531760435571688,0.75,0.7482517482517483,0.6666666666666666,0.6625,,,
mnist_01,amplitude,zscore_sigmoid,1,43,3,0.48,0.6111,0.6084,2,0.691296,-0.1311,4.5,,,,0.7083333333333334,0.7055501460564753,0.75,0.75,0.625,0.6214216163583253,,,
mnist_01,amplitude,zscore_sigmoid,2,44,3,0.52,0.5,0.3333,3,0.823366,0.02,4.15,,,,0.7361111111111112,0.7335929892891919,0.7777777777777778,0.7770897832817337,0.7222222222222222,0.71875,,,
mnist_01,amplitude,zscore_sigmoid,3,45,3,0.46,0.5139,0.4033,1,0.752336,-0.0539,4.52,,,,0.6805555555555556,0.6799999999999999,0.7638888888888888,0.7638433339764614,0.5833333333333334,0.583011583011583,,,
mnist_01,amplitude,zscore_sigmoid,4,46,3,0.62,0.5278,0.5185,2,0.681386,0.0922,4.55,,,,0.6666666666666666,0.6656346749226006,0.7916666666666666,0.7916264711557013,0.6944444444444444,0.6934984520123839,,,
mnist_01,amplitude,pca_minmax,0,42,2,0.52,0.4583,0.3351,1,0.767242,0.0617,2.23,19.0,32.0,3.0,1.0,1.0,1.0,1.0,1.0,1.0,,,
mnist_01,amplitude,pca_minmax,1,43,2,0.84,0.7083,0.6812,4,0.603791,0.1317,2.24,,,,1.0,1.0,1.0,1.0,1.0,1.0,,,
mnist_01,amplitude,pca_minmax,2,44,2,0.24,0.7222,0.7222,8,0.760405,-0.4822,2.44,,,,1.0,1.0,1.0,1.0,1.0,1.0,,,
mnist_01,amplitude,pca_minmax,3,45,2,1.0,0.9583,0.9583,2,0.322147,0.0417,2.42,,,,1.0,1.0,0.9861111111111112,0.9860869565217392,1.0,1.0,,,
mnist_01,amplitude,pca_minmax,4,46,2,1.0,0.9167,0.9167,8,0.37162,0.0833,3.06,,,,1.0,1.0,1.0,1.0,1.0,1.0,,,
mnist_01,basis,pca_minmax,0,42,4,1.0,0.9861,0.9861,34,0.0,0.0139,2.82,17.0,52.0,6.0,0.9861111111111112,0.9861084314103801,0.9861111111111112,0.9861084314103801,0.9861111111111112,0.9861084314103801,,,
mnist_01,basis,pca_minmax,1,43,4,1.0,1.0,1.0,14,0.191263,0.0,1.54,,,,1.0,1.0,1.0,1.0,1.0,1.0,,,
mnist_01,basis,pca_minmax,2,44,4,1.0,1.0,1.0,19,1.3e-05,0.0,2.44,,,,1.0,1.0,1.0,1.0,1.0,1.0,,,
mnist_01,basis,pca_minmax,3,45,4,1.0,0.9722,0.9722,14,0.0,0.0278,2.33,,,,0.9722222222222222,0.9722007722007722,0.9722222222222222,0.9722007722007722,0.9722222222222222,0.9722007722007722,,,
mnist_01,basis,pca_minmax,4,46,4,1.0,1.0,1.0,15,0.001164,0.0,1.82,,,,1.0,1.0,1.0,1.0,1.0,1.0,,,
credit_fraud,angle_ry,pca_minmax,0,42,4,0.98,0.9694,0.4922,20,0.109715,0.0106,2.26,17.0,54.0,6.0,0.9872448979591837,0.8651530787753698,0.9897959183673469,0.8973821989528796,0.9744897959183674,0.6363636363636364,0.624905,0.0,0.9953
credit_fraud,angle_ry,pca_minmax,1,43,4,0.98,0.9694,0.4922,15,0.201602,0.0106,2.43,,,,0.9821428571428571,0.7895544136820308,0.9846938775510204,0.8294168842471714,0.9719387755102041,0.5697894841863713,0.624905,0.0,0.9953
credit_fraud,angle_ry,pca_minmax,2,44,4,0.98,0.9694,0.4922,8,0.300886,0.0106,1.81,,,,0.9923469387755102,0.926605504587156,0.9872448979591837,0.8776758409785932,0.9693877551020408,0.49222797927461137,0.624905,0.0,0.9953
credit_fraud,angle_ry,pca_minmax,3,45,4,0.98,0.9694,0.4922,15,0.23542,0.0106,2.18,,,,0.9744897959183674,0.6363636363636364,0.9872448979591837,0.8776758409785932,0.9693877551020408,0.49222797927461137,0.624905,0.0,0.9953
credit_fraud,angle_ry,pca_minmax,4,46,4,1.0,0.9694,0.4922,15,0.250522,0.0306,2.15,,,,0.9795918367346939,0.7447916666666667,0.9897959183673469,0.9064662371748986,0.9693877551020408,0.49222797927461137,0.624905,0.0,0.9953
credit_fraud,iqp_full,pca_minmax,0,42,4,0.96,0.9082,0.6155,4,0.528944,0.0518,1.97,34.0,80.0,18.0,0.9872448979591837,0.8651530787753698,0.9897959183673469,0.8973821989528796,0.9744897959183674,0.6363636363636364,0.018029,0.9022,-0.7197
credit_fraud,iqp_full,pca_minmax,1,43,4,0.98,0.9413,0.5589,7,0.488771,0.0387,2.23,,,,0.9821428571428571,0.7895544136820308,0.9846938775510204,0.8294168842471714,0.9719387755102041,0.5697894841863713,0.018029,0.9022,-0.7197
credit_fraud,iqp_full,pca_minmax,2,44,4,0.98,0.9821,0.7896,33,0.233464,-0.0021,2.83,,,,0.9923469387755102,0.926605504587156,0.9872448979591837,0.8776758409785932,0.9693877551020408,0.49222797927461137,0.018029,0.9022,-0.7197
credit_fraud,iqp_full,pca_minmax,3,45,4,0.98,0.9821,0.7896,15,0.319388,-0.0021,2.21,,,,0.9744897959183674,0.6363636363636364,0.9872448979591837,0.8776758409785932,0.9693877551020408,0.49222797927461137,0.018029,0.9022,-0.7197
credit_fraud,iqp_full,pca_minmax,4,46,4,1.0,0.9745,0.6364,23,0.29139,0.0255,2.84,,,,0.9795918367346939,0.7447916666666667,0.9897959183673469,0.9064662371748986,0.9693877551020408,0.49222797927461137,0.018029,0.9022,-0.7197
credit_fraud,reuploading,pca_minmax,0,42,4,1.0,0.9694,0.4922,15,0.321082,0.0306,2.15,26.0,76.0,12.0,0.9872448979591837,0.8651530787753698,0.9897959183673469,0.8973821989528796,0.9744897959183674,0.6363636363636364,0.564836,0.2348,0.9497
credit_fraud,reuploading,pca_minmax,1,43,4,0.98,0.9694,0.4922,10,0.227162,0.0106,2.43,,,,0.9821428571428571,0.7895544136820308,0.9846938775510204,0.8294168842471714,0.9719387755102041,0.5697894841863713,0.564836,0.2348,0.9497
credit_fraud,reuploading,pca_minmax,2,44,4,0.98,0.9694,0.4922,10,0.196254,0.0106,2.35,,,,0.9923469387755102,0.926605504587156,0.9872448979591837,0.8776758409785932,0.9693877551020408,0.49222797927461137,0.564836,0.2348,0.9497
credit_fraud,reuploading,pca_minmax,3,45,4,0.98,0.9694,0.4922,21,0.190288,0.0106,3.06,,,,0.9744897959183674,0.6363636363636364,0.9872448979591837,0.8776758409785932,0.9693877551020408,0.49222797927461137,0.564836,0.2348,0.9497
credit_fraud,reuploading,pca_minmax,4,46,4,1.0,0.9694,0.4922,6,0.287034,0.0306,2.0,,,,0.9795918367346939,0.7447916666666667,0.9897959183673469,0.9064662371748986,0.9693877551020408,0.49222797927461137,0.564836,0.2348,0.9497
credit_fraud,amplitude,minmax_pi,0,42,3,0.98,0.9694,0.4922,1,0.400107,0.0106,4.94,30.0,59.0,8.0,0.9897959183673469,0.8973821989528796,0.9846938775510204,0.8294168842471714,0.9719387755102041,0.5697894841863713,,,
credit_fraud,amplitude,minmax_pi,1,43,3,0.98,0.9694,0.4922,12,0.018319,0.0106,5.31,,,,0.9897959183673469,0.8973821989528796,0.9923469387755102,0.926605504587156,0.9693877551020408,0.49222797927461137,,,
credit_fraud,amplitude,minmax_pi,2,44,3,0.98,0.9719,0.5698,4,0.280444,0.0081,4.8,,,,0.9974489795918368,0.9776038393418272,0.9872448979591837,0.8880191967091355,0.9693877551020408,0.49222797927461137,,,
credit_fraud,amplitude,minmax_pi,3,45,3,0.98,0.9694,0.4922,12,0.013317,0.0106,6.0,,,,0.9923469387755102,0.926605504587156,0.9872448979591837,0.8967061923583663,0.9744897959183674,0.6363636363636364,,,
credit_fraud,amplitude,minmax_pi,4,46,3,1.0,0.9694,0.4922,11,0.141372,0.0306,5.55,,,,0.9974489795918368,0.9776038393418272,0.9923469387755102,0.926605504587156,0.9770408163265306,0.694148244473342,,,
credit_fraud,amplitude,zscore_sigmoid,0,42,3,0.98,0.9694,0.4922,4,0.259573,0.0106,4.58,31.0,60.0,8.0,0.9821428571428571,0.7895544136820308,0.9846938775510204,0.8294168842471714,0.9693877551020408,0.49222797927461137,,,
credit_fraud,amplitude,zscore_sigmoid,1,43,3,0.98,0.9694,0.4922,15,0.069238,0.0106,5.36,,,,0.9872448979591837,0.8651530787753698,0.9897959183673469,0.9064662371748986,0.9693877551020408,0.49222797927461137,,,
credit_fraud,amplitude,zscore_sigmoid,2,44,3,0.98,0.9719,0.5698,9,0.190267,0.0081,4.82,,,,0.9821428571428571,0.8112143102855177,0.9897959183673469,0.9140350877192982,0.9693877551020408,0.49222797927461137,,,
credit_fraud,amplitude,zscore_sigmoid,3,45,3,0.98,0.977,0.6941,11,0.173048,0.003,5.26,,,,0.9872448979591837,0.8651530787753698,0.9872448979591837,0.9041048974998777,0.9744897959183674,0.6363636363636364,,,
credit_fraud,amplitude,zscore_sigmoid,4,46,3,1.0,0.9694,0.4922,14,0.118453,0.0306,5.62,,,,0.9872448979591837,0.8651530787753698,0.9923469387755102,0.926605504587156,0.9719387755102041,0.5697894841863713,,,
credit_fraud,amplitude,pca_minmax,0,42,2,0.98,0.9694,0.4922,9,0.037478,0.0106,2.72,19.0,33.0,3.0,0.9872448979591837,0.8651530787753698,0.9897959183673469,0.8973821989528796,0.9744897959183674,0.6363636363636364,,,
credit_fraud,amplitude,pca_minmax,1,43,2,0.98,0.9719,0.5698,13,0.147492,0.0081,2.53,,,,0.9821428571428571,0.7895544136820308,0.9846938775510204,0.8294168842471714,0.9719387755102041,0.5697894841863713,,,
credit_fraud,amplitude,pca_minmax,2,44,2,0.98,0.9694,0.4922,6,0.083659,0.0106,2.67,,,,0.9923469387755102,0.926605504587156,0.9872448979591837,0.8776758409785932,0.9693877551020408,0.49222797927461137,,,
credit_fraud,amplitude,pca_minmax,3,45,2,0.98,0.9694,0.4922,4,0.212065,0.0106,2.68,,,,0.9744897959183674,0.6363636363636364,0.9872448979591837,0.8776758409785932,0.9693877551020408,0.49222797927461137,,,
credit_fraud,amplitude,pca_minmax,4,46,2,1.0,0.9694,0.4922,1,0.850697,0.0306,3.01,,,,0.9795918367346939,0.7447916666666667,0.9897959183673469,0.9064662371748986,0.9693877551020408,0.49222797927461137,,,
credit_fraud,basis,pca_minmax,0,42,4,0.44,0.4592,0.3187,1,0.692787,-0.0192,1.66,17.0,53.0,6.0,0.9693877551020408,0.49222797927461137,0.9693877551020408,0.49222797927461137,0.9693877551020408,0.49222797927461137,,,
credit_fraud,basis,pca_minmax,1,43,4,0.58,0.5459,0.3946,13,0.636947,0.0341,1.6,,,,0.9693877551020408,0.49222797927461137,0.9693877551020408,0.49222797927461137,0.9693877551020408,0.49222797927461137,,,
credit_fraud,basis,pca_minmax,2,44,4,0.62,0.5102,0.3679,13,0.674787,0.1098,1.68,,,,0.9693877551020408,0.49222797927461137,0.9693877551020408,0.49222797927461137,0.9693877551020408,0.49222797927461137,,,
credit_fraud,basis,pca_minmax,3,45,4,0.56,0.5102,0.3679,2,1.059371,0.0498,1.48,,,,0.9693877551020408,0.49222797927461137,0.9693877551020408,0.49222797927461137,0.9693877551020408,0.49222797927461137,,,
credit_fraud,basis,pca_minmax,4,46,4,0.5,0.4796,0.3444,10,0.886702,0.0204,1.91,,,,0.9693877551020408,0.49222797927461137,0.9693877551020408,0.49222797927461137,0.9693877551020408,0.49222797927461137,,,
nsl_kdd,angle_ry,pca_minmax,0,42,4,1.0,0.89,0.7529,15,1.002726,0.11,1.84,17.0,54.0,6.0,1.0,1.0,1.0,1.0,1.0,1.0,0.624905,0.0,-0.1448
nsl_kdd,angle_ry,pca_minmax,1,43,4,1.0,0.4,0.1283,1,1.771429,0.6,1.62,,,,1.0,1.0,1.0,1.0,1.0,1.0,0.624905,0.0,-0.1448
nsl_kdd,angle_ry,pca_minmax,2,44,4,1.0,0.6525,0.484,13,1.389194,0.3475,1.65,,,,1.0,1.0,1.0,1.0,1.0,1.0,0.624905,0.0,-0.1448
nsl_kdd,angle_ry,pca_minmax,3,45,4,0.36,0.43,0.2793,2,1.625235,-0.07,1.67,,,,1.0,1.0,1.0,1.0,1.0,1.0,0.624905,0.0,-0.1448
nsl_kdd,angle_ry,pca_minmax,4,46,4,0.24,0.3975,0.394,14,1.251626,-0.1575,1.98,,,,1.0,1.0,1.0,1.0,1.0,1.0,0.624905,0.0,-0.1448
nsl_kdd,iqp_full,pca_minmax,0,42,4,1.0,0.585,0.4008,1,1.225644,0.415,2.06,34.0,80.0,18.0,1.0,1.0,1.0,1.0,1.0,1.0,0.018029,0.8955,-0.9095
nsl_kdd,iqp_full,pca_minmax,1,43,4,0.94,0.3875,0.1589,8,1.591951,0.5525,2.19,,,,1.0,1.0,1.0,1.0,1.0,1.0,0.018029,0.8955,-0.9095
nsl_kdd,iqp_full,pca_minmax,2,44,4,0.26,0.3475,0.2891,2,1.566137,-0.0875,2.21,,,,1.0,1.0,1.0,1.0,1.0,1.0,0.018029,0.8955,-0.9095
nsl_kdd,iqp_full,pca_minmax,3,45,4,0.04,0.0825,0.141,2,1.637924,-0.0425,2.04,,,,1.0,1.0,1.0,1.0,1.0,1.0,0.018029,0.8955,-0.9095
nsl_kdd,iqp_full,pca_minmax,4,46,4,0.58,0.4725,0.4089,19,1.256266,0.1075,2.06,,,,1.0,1.0,1.0,1.0,1.0,1.0,0.018029,0.8955,-0.9095
nsl_kdd,reuploading,pca_minmax,0,42,4,1.0,0.5,0.2751,2,1.492317,0.5,2.0,26.0,76.0,12.0,1.0,1.0,1.0,1.0,1.0,1.0,0.564836,0.3866,-0.6763
nsl_kdd,reuploading,pca_minmax,1,43,4,0.68,0.305,0.1799,12,1.458157,0.375,1.83,,,,1.0,1.0,1.0,1.0,1.0,1.0,0.564836,0.3866,-0.6763
nsl_kdd,reuploading,pca_minmax,2,44,4,1.0,0.4,0.137,4,1.578149,0.6,2.11,,,,1.0,1.0,1.0,1.0,1.0,1.0,0.564836,0.3866,-0.6763
nsl_kdd,reuploading,pca_minmax,3,45,4,1.0,0.67,0.4696,16,0.995203,0.33,1.97,,,,1.0,1.0,1.0,1.0,1.0,1.0,0.564836,0.3866,-0.6763
nsl_kdd,reuploading,pca_minmax,4,46,4,1.0,0.4,0.1176,1,2.204876,0.6,2.02,,,,1.0,1.0,1.0,1.0,1.0,1.0,0.564836,0.3866,-0.6763
nsl_kdd,amplitude,minmax_pi,0,42,3,0.0,0.23,0.1335,2,2.180589,-0.23,4.67,31.0,60.0,8.0,1.0,1.0,1.0,1.0,1.0,1.0,,,
nsl_kdd,amplitude,minmax_pi,1,43,3,1.0,0.4375,0.1828,2,0.990999,0.5625,4.48,,,,1.0,1.0,1.0,1.0,1.0,1.0,,,
nsl_kdd,amplitude,minmax_pi,2,44,3,1.0,0.4,0.1143,1,1.969806,0.6,4.42,,,,1.0,1.0,1.0,1.0,1.0,1.0,,,
nsl_kdd,amplitude,minmax_pi,3,45,3,0.48,0.1875,0.0992,2,1.76113,0.2925,4.49,,,,1.0,1.0,1.0,1.0,1.0,1.0,,,
nsl_kdd,amplitude,minmax_pi,4,46,3,0.0,0.18,0.1125,10,1.685815,-0.18,5.12,,,,1.0,1.0,1.0,1.0,1.0,1.0,,,
nsl_kdd,amplitude,zscore_sigmoid,0,42,3,0.0,0.3725,0.2546,2,2.965718,-0.3725,4.57,31.0,60.0,8.0,1.0,1.0,1.0,1.0,1.0,1.0,,,
nsl_kdd,amplitude,zscore_sigmoid,1,43,3,1.0,0.405,0.1462,2,1.255352,0.595,4.73,,,,1.0,1.0,1.0,1.0,1.0,1.0,,,
nsl_kdd,amplitude,zscore_sigmoid,2,44,3,1.0,0.41,0.1342,2,1.801567,0.59,4.42,,,,1.0,1.0,1.0,1.0,1.0,1.0,,,
nsl_kdd,amplitude,zscore_sigmoid,3,45,3,0.88,0.3525,0.15,2,1.488886,0.5275,4.47,,,,1.0,1.0,1.0,1.0,1.0,1.0,,,
nsl_kdd,amplitude,zscore_sigmoid,4,46,3,0.28,0.14,0.0491,1,2.588404,0.14,4.3,,,,1.0,1.0,1.0,1.0,1.0,1.0,,,
nsl_kdd,amplitude,pca_minmax,0,42,2,0.0,0.0,0.0,1,5.823894,0.0,2.22,19.0,32.0,3.0,1.0,1.0,1.0,1.0,1.0,1.0,,,
nsl_kdd,amplitude,pca_minmax,1,43,2,0.0,0.1825,0.1908,2,3.287822,-0.1825,2.11,,,,1.0,1.0,1.0,1.0,1.0,1.0,,,
nsl_kdd,amplitude,pca_minmax,2,44,2,0.0,0.0,0.0,5,3.136448,0.0,2.1,,,,1.0,1.0,1.0,1.0,1.0,1.0,,,
nsl_kdd,amplitude,pca_minmax,3,45,2,0.0,0.28,0.1835,1,7.300416,-0.28,2.16,,,,1.0,1.0,1.0,1.0,1.0,1.0,,,
nsl_kdd,amplitude,pca_minmax,4,46,2,0.0,0.0575,0.0881,1,4.940466,-0.0575,2.11,,,,1.0,1.0,1.0,1.0,1.0,1.0,,,
har,angle_ry,pca_minmax,0,42,4,0.0,0.4944,0.3716,4,1.157948,-0.4944,1.55,17.0,54.0,6.0,1.0,1.0,1.0,1.0,1.0,1.0,0.624905,-0.0,-0.0768
har,angle_ry,pca_minmax,1,43,4,0.0,0.1667,0.1111,9,1.635094,-0.1667,1.72,,,,1.0,1.0,1.0,1.0,1.0,1.0,0.624905,-0.0,-0.0768
har,angle_ry,pca_minmax,2,44,4,1.0,0.7556,0.7276,4,1.296804,0.2444,1.53,,,,1.0,1.0,1.0,1.0,1.0,1.0,0.624905,-0.0,-0.0768
har,angle_ry,pca_minmax,3,45,4,1.0,0.1861,0.1251,17,1.411614,0.8139,2.07,,,,1.0,1.0,1.0,1.0,1.0,1.0,0.624905,-0.0,-0.0768
har,angle_ry,pca_minmax,4,46,4,1.0,0.3917,0.3077,20,1.588159,0.6083,1.74,,,,1.0,1.0,1.0,1.0,1.0,1.0,0.624905,-0.0,-0.0768
har,iqp_full,pca_minmax,0,42,4,0.68,0.2194,0.1884,1,1.666718,0.4606,1.99,34.0,80.0,18.0,1.0,1.0,1.0,1.0,1.0,1.0,0.018029,0.9166,-0.9101
har,iqp_full,pca_minmax,1,43,4,0.5,0.1333,0.107,2,2.537644,0.3667,2.13,,,,1.0,1.0,1.0,1.0,1.0,1.0,0.018029,0.9166,-0.9101
har,iqp_full,pca_minmax,2,44,4,0.0,0.1278,0.1443,13,1.79063,-0.1278,1.96,,,,1.0,1.0,1.0,1.0,1.0,1.0,0.018029,0.9166,-0.9101
har,iqp_full,pca_minmax,3,45,4,0.1,0.2806,0.2169,16,1.56731,-0.1806,2.14,,,,1.0,1.0,1.0,1.0,1.0,1.0,0.018029,0.9166,-0.9101
har,iqp_full,pca_minmax,4,46,4,0.78,0.3361,0.2755,6,1.779067,0.4439,2.04,,,,1.0,1.0,1.0,1.0,1.0,1.0,0.018029,0.9166,-0.9101
har,reuploading,pca_minmax,0,42,4,0.0,0.0111,0.0205,1,2.312064,-0.0111,1.81,26.0,76.0,12.0,1.0,1.0,1.0,1.0,1.0,1.0,0.564836,0.3906,-0.6593
har,reuploading,pca_minmax,1,43,4,0.0,0.2222,0.1929,16,1.922902,-0.2222,2.24,,,,1.0,1.0,1.0,1.0,1.0,1.0,0.564836,0.3906,-0.6593
har,reuploading,pca_minmax,2,44,4,0.0,0.3333,0.2286,3,2.368145,-0.3333,2.02,,,,1.0,1.0,1.0,1.0,1.0,1.0,0.564836,0.3906,-0.6593
har,reuploading,pca_minmax,3,45,4,0.98,0.4972,0.3912,17,1.191885,0.4828,2.19,,,,1.0,1.0,1.0,1.0,1.0,1.0,0.564836,0.3906,-0.6593
har,reuploading,pca_minmax,4,46,4,1.0,0.2694,0.1619,8,1.909851,0.7306,1.75,,,,1.0,1.0,1.0,1.0,1.0,1.0,0.564836,0.3906,-0.6593
har,amplitude,minmax_pi,0,42,3,1.0,0.1667,0.0913,12,1.957134,0.8333,5.48,31.0,59.0,8.0,1.0,1.0,1.0,1.0,1.0,1.0,,,
har,amplitude,minmax_pi,1,43,3,0.3,0.2139,0.1096,7,2.061813,0.0861,4.65,,,,1.0,1.0,1.0,1.0,1.0,1.0,,,
har,amplitude,minmax_pi,2,44,3,1.0,0.1667,0.0478,13,1.455363,0.8333,4.37,,,,1.0,1.0,1.0,1.0,1.0,1.0,,,
har,amplitude,minmax_pi,3,45,3,1.0,0.3306,0.219,2,2.07823,0.6694,4.26,,,,1.0,1.0,1.0,1.0,1.0,1.0,,,
har,amplitude,minmax_pi,4,46,3,0.0,0.1111,0.0509,3,2.296451,-0.1111,4.19,,,,1.0,1.0,1.0,1.0,1.0,1.0,,,
har,amplitude,zscore_sigmoid,0,42,3,1.0,0.1667,0.0702,5,2.191659,0.8333,4.62,31.0,59.0,8.0,1.0,1.0,1.0,1.0,1.0,1.0,,,
har,amplitude,zscore_sigmoid,1,43,3,0.0,0.3333,0.1952,6,2.0431,-0.3333,4.47,,,,1.0,1.0,1.0,1.0,1.0,1.0,,,
har,amplitude,zscore_sigmoid,2,44,3,1.0,0.1667,0.0552,12,2.051776,0.8333,4.77,,,,1.0,1.0,1.0,1.0,1.0,1.0,,,
har,amplitude,zscore_sigmoid,3,45,3,0.0,0.3139,0.227,5,1.81228,-0.3139,4.29,,,,1.0,1.0,1.0,1.0,1.0,1.0,,,
har,amplitude,zscore_sigmoid,4,46,3,0.76,0.1222,0.0443,3,2.615346,0.6378,4.38,,,,1.0,1.0,1.0,1.0,1.0,1.0,,,
har,amplitude,pca_minmax,0,42,2,0.0,0.1667,0.0476,7,7.91353,-0.1667,2.28,19.0,33.0,3.0,1.0,1.0,1.0,1.0,1.0,1.0,,,
har,amplitude,pca_minmax,1,43,2,0.0,0.1667,0.0823,1,9.387799,-0.1667,2.37,,,,1.0,1.0,1.0,1.0,1.0,1.0,,,
har,amplitude,pca_minmax,2,44,2,1.0,0.3333,0.1948,4,6.942235,0.6667,2.7,,,,1.0,1.0,1.0,1.0,1.0,1.0,,,
har,amplitude,pca_minmax,3,45,2,0.0,0.0056,0.0041,1,9.474008,-0.0056,2.24,,,,1.0,1.0,1.0,1.0,1.0,1.0,,,
har,amplitude,pca_minmax,4,46,2,0.0,0.3333,0.2018,3,8.856183,-0.3333,2.19,,,,1.0,1.0,1.0,1.0,1.0,1.0,,,
heart_disease,angle_ry,none,0,42,8,0.46,0.4259,0.4161,11,0.681069,0.0341,4.94,21.0,110.0,14.0,0.7407407407407407,0.7157894736842105,0.7222222222222222,0.7198201314424075,0.8148148148148148,0.8106591865357644,0.297916,-0.0,-0.002
heart_disease,angle_ry,none,1,43,8,0.46,0.5185,0.5185,6,0.67364,-0.0585,4.44,,,,0.7037037037037037,0.6931818181818181,0.8148148148148148,0.8082386363636364,0.8333333333333334,0.8318920788654445,0.297916,-0.0,-0.002
heart_disease,angle_ry,none,2,44,8,0.5,0.4259,0.4011,9,0.68136,0.0741,4.89,,,,0.48148148148148145,0.4545454545454546,0.6666666666666666,0.6666666666666666,0.6851851851851852,0.6850771869639793,0.297916,-0.0,-0.002
heart_disease,angle_ry,none,3,45,8,0.48,0.537,0.5356,4,0.684932,-0.057,4.61,,,,0.5925925925925926,0.49230769230769234,0.7592592592592593,0.7488372093023257,0.7592592592592593,0.744448489261012,0.297916,-0.0,-0.002
heart_disease,angle_ry,none,4,46,8,0.46,0.463,0.4613,3,1.029397,-0.003,5.04,,,,0.7777777777777778,0.7563909774436091,0.7592592592592593,0.7523809523809524,0.7407407407407407,0.7349228611500701,0.297916,-0.0,-0.002
heart_disease,angle_ry,minmax_pi,0,42,8,0.56,0.537,0.3494,1,0.93542,0.023,4.9,21.0,110.0,14.0,0.6296296296296297,0.625,0.7222222222222222,0.7198201314424075,0.8148148148148148,0.8082386363636364,0.297916,0.0,0.0224
heart_disease,angle_ry,minmax_pi,1,43,8,0.4,0.3333,0.2692,1,0.851182,0.0667,4.85,,,,0.7962962962962963,0.7945347630577655,0.8148148148148148,0.8082386363636364,0.8333333333333334,0.8318920788654445,0.297916,0.0,0.0224
heart_disease,angle_ry,minmax_pi,2,44,8,0.54,0.463,0.4476,2,0.713336,0.077,4.66,,,,0.7037037037037037,0.6883116883116883,0.6481481481481481,0.6480274442538594,0.6851851851851852,0.6850771869639793,0.297916,0.0,0.0224
heart_disease,angle_ry,minmax_pi,3,45,8,0.52,0.5185,0.3415,2,0.696814,0.0015,4.78,,,,0.7592592592592593,0.7488372093023257,0.7592592592592593,0.7488372093023257,0.7962962962962963,0.7874776386404294,0.297916,0.0,0.0224
heart_disease,angle_ry,minmax_pi,4,46,8,0.42,0.2037,0.1968,13,0.852724,0.2163,5.2,,,,0.7222222222222222,0.7174747122427625,0.7592592592592593,0.7523809523809524,0.7592592592592593,0.7551447506103941,0.297916,0.0,0.0224
heart_disease,angle_ry,zscore_sigmoid,0,42,8,0.56,0.5556,0.3571,1,0.751599,0.0044,4.9,21.0,110.0,14.0,0.7037037037037037,0.7,0.7222222222222222,0.7198201314424075,0.7962962962962963,0.7904761904761904,0.297916,0.0,0.0198
heart_disease,angle_ry,zscore_sigmoid,1,43,8,0.38,0.2222,0.1946,1,1.229053,0.1578,4.93,,,,0.8148148148148148,0.8106591865357644,0.8333333333333334,0.8285714285714285,0.8148148148148148,0.8137931034482759,0.297916,0.0,0.0198
heart_disease,angle_ry,zscore_sigmoid,2,44,8,0.54,0.4074,0.4074,10,0.690607,0.1326,5.1,,,,0.6666666666666666,0.6625,0.6481481481481481,0.6480274442538594,0.7222222222222222,0.7213622291021672,0.297916,0.0,0.0198
heart_disease,angle_ry,zscore_sigmoid,3,45,8,0.7,0.6111,0.505,12,0.554504,0.0889,4.63,,,,0.7222222222222222,0.7051328722242447,0.7592592592592593,0.7488372093023257,0.7592592592592593,0.744448489261012,0.297916,0.0,0.0198
heart_disease,angle_ry,zscore_sigmoid,4,46,8,0.46,0.3889,0.28,21,0.787145,0.0711,5.17,,,,0.8148148148148148,0.8125,0.7592592592592593,0.7523809523809524,0.7592592592592593,0.7551447506103941,0.297916,0.0,0.0198
heart_disease,angle_ry,pca_minmax,0,42,4,0.44,0.4444,0.3077,1,1.058743,-0.0044,1.68,17.0,54.0,6.0,0.7777777777777778,0.7727910238429172,0.6851851851851852,0.6761904761904762,0.7407407407407407,0.7315340909090908,0.624905,-0.0,-0.0064
heart_disease,angle_ry,pca_minmax,1,43,4,0.36,0.4444,0.3077,1,1.64995,-0.0844,1.67,,,,0.7222222222222222,0.7198201314424075,0.6666666666666666,0.6548295454545454,0.7407407407407407,0.7375,0.624905,-0.0,-0.0064
heart_disease,angle_ry,pca_minmax,2,44,4,0.4,0.4074,0.3504,1,1.249527,-0.0074,1.67,,,,0.48148148148148145,0.47862068965517246,0.48148148148148145,0.4698457223001402,0.5370370370370371,0.5330335524040124,0.624905,-0.0,-0.0064
heart_disease,angle_ry,pca_minmax,3,45,4,0.52,0.5926,0.5835,1,1.03967,-0.0726,1.63,,,,0.5555555555555556,0.4461538461538461,0.6851851851851852,0.6588628762541806,0.6296296296296297,0.5833333333333333,0.624905,-0.0,-0.0064
heart_disease,angle_ry,pca_minmax,4,46,4,0.52,0.3889,0.387,2,0.99311,0.1311,1.66,,,,0.7592592592592593,0.7488372093023257,0.7407407407407407,0.7375,0.8148148148148148,0.8082386363636364,0.624905,-0.0,-0.0064
heart_disease,iqp_full,pca_minmax,0,42,4,0.5,0.4444,0.4414,5,0.717663,0.0556,2.04,34.0,80.0,18.0,0.7777777777777778,0.7727910238429172,0.6851851851851852,0.6761904761904762,0.7407407407407407,0.7315340909090908,0.018029,0.8965,0.0008
heart_disease,iqp_full,pca_minmax,1,43,4,0.54,0.3889,0.3513,2,0.707609,0.1511,2.06,,,,0.7222222222222222,0.7198201314424075,0.6666666666666666,0.6548295454545454,0.7407407407407407,0.7375,0.018029,0.8965,0.0008
heart_disease,iqp_full,pca_minmax,2,44,4,0.58,0.6296,0.6165,1,0.744301,-0.0496,2.05,,,,0.48148148148148145,0.47862068965517246,0.48148148148148145,0.4698457223001402,0.5370370370370371,0.5330335524040124,0.018029,0.8965,0.0008
heart_disease,iqp_full,pca_minmax,3,45,4,0.48,0.537,0.5291,2,0.671066,-0.057,1.97,,,,0.5555555555555556,0.4461538461538461,0.6851851851851852,0.6588628762541806,0.6296296296296297,0.5833333333333333,0.018029,0.8965,0.0008
heart_disease,iqp_full,pca_minmax,4,46,4,0.54,0.4815,0.4698,2,0.676078,0.0585,1.99,,,,0.7592592592592593,0.7488372093023257,0.7407407407407407,0.7375,0.8148148148148148,0.8082386363636364,0.018029,0.8965,0.0008
heart_disease,reuploading,pca_minmax,0,42,4,0.34,0.5,0.4294,3,0.750381,-0.16,1.88,26.0,76.0,12.0,0.7777777777777778,0.7727910238429172,0.6851851851851852,0.6761904761904762,0.7407407407407407,0.7315340909090908,0.564836,0.4296,0.0112
heart_disease,reuploading,pca_minmax,1,43,4,0.54,0.537,0.5291,3,0.770421,0.003,1.95,,,,0.7222222222222222,0.7198201314424075,0.6666666666666666,0.6548295454545454,0.7407407407407407,0.7375,0.564836,0.4296,0.0112
heart_disease,reuploading,pca_minmax,2,44,4,0.54,0.5926,0.5534,1,0.819721,-0.0526,2.19,,,,0.48148148148148145,0.47862068965517246,0.48148148148148145,0.4698457223001402,0.5370370370370371,0.5330335524040124,0.564836,0.4296,0.0112
heart_disease,reuploading,pca_minmax,3,45,4,0.7,0.5926,0.5115,2,0.669752,0.1074,1.79,,,,0.5555555555555556,0.4461538461538461,0.6851851851851852,0.6588628762541806,0.6296296296296297,0.5833333333333333,0.564836,0.4296,0.0112
heart_disease,reuploading,pca_minmax,4,46,4,0.5,0.7037,0.6667,14,0.6081,-0.2037,2.13,,,,0.7592592592592593,0.7488372093023257,0.7407407407407407,0.7375,0.8148148148148148,0.8082386363636364,0.564836,0.4296,0.0112
heart_disease,amplitude,minmax_pi,0,42,3,0.48,0.5185,0.4,2,1.005008,-0.0385,4.41,31.0,60.0,8.0,0.6296296296296297,0.625,0.7222222222222222,0.7198201314424075,0.8148148148148148,0.8082386363636364,,,
heart_disease,amplitude,minmax_pi,1,43,3,0.6,0.5926,0.5714,6,0.700934,0.0074,4.59,,,,0.7962962962962963,0.7945347630577655,0.8148148148148148,0.8082386363636364,0.8333333333333334,0.8318920788654445,,,
heart_disease,amplitude,minmax_pi,2,44,3,0.5,0.4259,0.3779,1,0.857298,0.0741,4.41,,,,0.7037037037037037,0.6883116883116883,0.6481481481481481,0.6480274442538594,0.6851851851851852,0.6850771869639793,,,
heart_disease,amplitude,minmax_pi,3,45,3,0.42,0.4815,0.475,3,0.819441,-0.0615,4.24,,,,0.7592592592592593,0.7488372093023257,0.7592592592592593,0.7488372093023257,0.7962962962962963,0.7874776386404294,,,
heart_disease,amplitude,minmax_pi,4,46,3,0.52,0.7222,0.7221,13,0.577245,-0.2022,4.42,,,,0.7222222222222222,0.7174747122427625,0.7592592592592593,0.7523809523809524,0.7592592592592593,0.7551447506103941,,,
heart_disease,amplitude,zscore_sigmoid,0,42,3,0.56,0.5556,0.3571,6,0.786377,0.0044,4.9,31.0,60.0,8.0,0.7037037037037037,0.7,0.7222222222222222,0.7198201314424075,0.7962962962962963,0.7904761904761904,,,
heart_disease,amplitude,zscore_sigmoid,1,43,3,0.66,0.6667,0.6662,10,0.534055,-0.0067,4.37,,,,0.8148148148148148,0.8106591865357644,0.8333333333333334,0.8285714285714285,0.8148148148148148,0.8137931034482759,,,
heart_disease,amplitude,zscore_sigmoid,2,44,3,0.58,0.3889,0.3378,1,0.771355,0.1911,4.29,,,,0.6666666666666666,0.6625,0.6481481481481481,0.6480274442538594,0.7222222222222222,0.7213622291021672,,,
heart_disease,amplitude,zscore_sigmoid,3,45,3,0.48,0.5,0.4692,3,0.721314,-0.02,4.39,,,,0.7222222222222222,0.7051328722242447,0.7592592592592593,0.7488372093023257,0.7592592592592593,0.744448489261012,,,
heart_disease,amplitude,zscore_sigmoid,4,46,3,0.58,0.6481,0.6381,1,0.674501,-0.0681,4.41,,,,0.8148148148148148,0.8125,0.7592592592592593,0.7523809523809524,0.7592592592592593,0.7551447506103941,,,
heart_disease,amplitude,pca_minmax,0,42,2,0.6,0.6111,0.6045,1,0.722835,-0.0111,2.35,19.0,32.0,3.0,0.7777777777777778,0.7727910238429172,0.6851851851851852,0.6761904761904762,0.7407407407407407,0.7315340909090908,,,
heart_disease,amplitude,pca_minmax,1,43,2,0.6,0.5741,0.4014,1,1.518747,0.0259,2.53,,,,0.7222222222222222,0.7198201314424075,0.6666666666666666,0.6548295454545454,0.7407407407407407,0.7375,,,
heart_disease,amplitude,pca_minmax,2,44,2,0.32,0.5185,0.5159,1,1.158486,-0.1985,2.47,,,,0.48148148148148145,0.47862068965517246,0.48148148148148145,0.4698457223001402,0.5370370370370371,0.5330335524040124,,,
heart_disease,amplitude,pca_minmax,3,45,2,0.62,0.5926,0.4696,2,0.707164,0.0274,2.39,,,,0.5555555555555556,0.4461538461538461,0.6851851851851852,0.6588628762541806,0.6296296296296297,0.5833333333333333,,,
heart_disease,amplitude,pca_minmax,4,46,2,0.5,0.3519,0.3408,3,0.823653,0.1481,2.22,,,,0.7592592592592593,0.7488372093023257,0.7407407407407407,0.7375,0.8148148148148148,0.8082386363636364,,,
heart_disease,basis,pca_minmax,0,42,4,0.62,0.537,0.5356,3,0.693057,0.083,1.54,17.0,52.0,6.0,0.6851851851851852,0.6842105263157894,0.6851851851851852,0.6842105263157894,0.6481481481481481,0.6480274442538594,,,
heart_disease,basis,pca_minmax,1,43,4,0.54,0.5,0.4998,2,0.679225,0.04,1.65,,,,0.6851851851851852,0.6588628762541806,0.7037037037037037,0.6883116883116883,0.7037037037037037,0.6931818181818181,,,
heart_disease,basis,pca_minmax,2,44,4,0.46,0.6111,0.6045,7,0.733219,-0.1511,1.7,,,,0.48148148148148145,0.475,0.48148148148148145,0.475,0.4444444444444444,0.44368131868131866,,,
heart_disease,basis,pca_minmax,3,45,4,0.6,0.6111,0.5943,6,0.59523,-0.0111,1.99,,,,0.6481481481481481,0.6187290969899666,0.6481481481481481,0.6187290969899666,0.6481481481481481,0.6187290969899666,,,
heart_disease,basis,pca_minmax,4,46,4,0.6,0.6111,0.611,15,0.657019,-0.0111,2.08,,,,0.7962962962962963,0.7837641062977794,0.7962962962962963,0.7837641062977794,0.7962962962962963,0.7837641062977794,,,
